Simulation,mean_queue_hub_time,mean_N_queue_hub,mean_service_hub_time,mean_response_hub_time,mean_N_centre_hub,hub_rho,mean_queue_red_time,mean_N_queue_red,mean_service_red_time,mean_response_red_time,mean_N_centre_red,red_rho,mean_queue_orange_time,mean_N_queue_orange,mean_service_orange_time,mean_response_orange_time,mean_N_centre_orange,orange_rho,mean_queue_yellow_squadra_time,mean_N_queue_yellow_squadra,mean_service_yellow_squadra_time,mean_response_yellow_squadra_time,mean_N_centre_yellow_squadra,yellow_squadra_rho,mean_queue_yellow_modulo_time,mean_N_queue_yellow_modulo,mean_service_yellow_modulo_time,mean_response_yellow_modulo_time,mean_N_centre_yellow_modulo,yellow_modulo_rho,mean_queue_green_modulo_time,mean_N_queue_green_modulo,mean_service_green_modulo_time,mean_response_green_modulo_time,mean_N_centre_green_modulo,green_modulo_rho,job_completed_percentage
1,0.0,0.0,1.4682745246170785,1.4682745246170785,0.011215985951936017,0.005607992975968009,22.42900490473824,0.055627492323259524,74.65887101312285,97.0878759178611,0.2407933430502507,0.1851658507269912,0.0,0.0,47.6855631458193,50.036364167784704,0.07096065944318349,0.07096065944318349,0.0,0.0,57.59855708927197,65.73408364775453,0.045713140547041245,0.045713140547041245,0.0,0.0,104.19601184530919,104.19601184530919,0.041347623748138565,0.041347623748138565,49.825600050164816,0.118632381071821,163.6714925335464,218.64400841637757,0.5083264109135981,0.3896940298417771,0.948051948051948
2,0.0,0.0,1.2961344563396964,1.2961344563396964,0.011058290004485506,0.005529145002242753,1.6615418849271464,0.002967039080227047,50.52444678369692,52.18598866862407,0.09318926547968584,0.09022222639945879,5.382436983296849,0.010145466535976201,46.80570634794089,53.18208111973214,0.09837050826324574,0.08822504172726954,0.0,0.0,87.44501678571265,110.22731956691857,0.13012651307397716,0.13012651307397716,0.0,0.0,87.56619300925077,87.56619300925077,0.04343561161173153,0.04343561161173153,97.7345804313869,0.2714849456427414,161.99232442849012,274.2767221611763,0.7214636246107695,0.4499786789680281,0.8604651162790697
3,0.0,0.0,1.371254518190102,1.371254518190102,0.013603715458235136,0.006801857729117568,8.036700925426034,0.018337710444920517,75.08830170095311,83.12500262637914,0.18967014488161907,0.17133243443669854,45.263313157049794,0.11226020128236557,41.857620405484916,92.34359011386152,0.21607374395469917,0.10381354267233361,0.0,0.0,141.8716102021218,143.29766964824483,0.15482020954596623,0.15482020954596623,0.0,0.0,62.321017326838074,62.321017326838074,0.037095843646927425,0.037095843646927425,226.5891601663928,0.7642888338945789,238.10144819802616,434.2382252980159,1.5674087980545877,0.8031199641600089,0.88
4,0.0,0.0,1.872434801924352,1.872434801924352,0.0169039252951504,0.0084519626475752,0.8274360778502755,0.0022984335495840986,70.2391616991652,71.06659777701547,0.19740721604726522,0.1951087824976811,45.608236000071635,0.10406641150809996,39.1810556849508,90.42608772422888,0.19346762983685675,0.08940121832875678,0.0,0.0,70.67967943662036,78.28546031935922,0.07011872959982178,0.07011872959982178,0.0,0.0,154.86550823668676,154.86550823668676,0.04609092507044249,0.04609092507044249,50.30018807696024,0.12974254861120696,137.6047023435791,198.13049079895472,0.48467531259266106,0.35493276398145407,0.9010989010989011
5,0.0,0.0,1.7089996940791192,1.7089996940791192,0.016106643942213922,0.008053321971106961,5.3515348681993995,0.01167993721233996,55.279867230525774,60.631402098725175,0.1323304410884875,0.12065050387614752,13.453978240050109,0.04804992228589324,40.71119915263661,51.88561901250549,0.19344706211673826,0.14539713983084504,0.0,0.0,88.23760269913251,0.0,0.03501492170600497,0.03501492170600497,0.0,0.0,97.9408358249998,97.9408358249998,0.03886541104166658,0.03886541104166658,70.99854889473228,0.1972181913742563,168.93709969093584,250.81041296239408,0.6664879127379669,0.46926972136371065,0.8842105263157894
6,0.0,0.0,1.5222796585709417,1.5222796585709417,0.013289743051016158,0.006644871525508079,4.1161810278987865,0.008575377141455806,57.64649136598879,61.76267239388757,0.12867223415393245,0.12009685701247665,14.080784490992615,0.03352567735950623,39.87251407747029,58.53149535493693,0.12846023468681647,0.09493455732731022,0.0,0.0,105.10729193383138,147.09611228483755,0.13555503920037776,0.13555503920037776,0.0,0.0,88.15781024976395,88.15781024976395,0.06996651607124123,0.06996651607124123,27.49281799159647,0.060004166251500235,165.30292958783502,183.67882179570026,0.4207843697170132,0.3607802034655129,0.8636363636363636
7,0.0,0.0,1.5356563005536867,1.5356563005536867,0.012035401561879093,0.0060177007809395465,0.07681065079698687,0.00014478198066892367,72.84310840073961,72.9199190515366,0.13744826011698366,0.13730347813631474,16.382940876853176,0.05038404436333815,46.0542347970185,64.1761797752,0.19201909185416885,0.1416350474908307,0.0,0.0,96.3573415678914,159.89736539786477,0.09559260076179703,0.09559260076179703,0.0,0.0,84.54193110844132,84.54193110844132,0.025161289020369442,0.025161289020369442,6.804941004156998,0.010126400303805056,162.6116188264317,171.21996962094494,0.252107975938376,0.24198157563457098,0.8227848101265823
8,0.0,0.0,1.601200269594243,1.601200269594243,0.015884923309466698,0.007942461654733349,12.30598027331246,0.0317416157843377,65.12561772759047,77.43159800090292,0.19972435992296386,0.16798274413862618,10.02111835737369,0.02982475701599312,42.42247849422348,56.06198561772209,0.15608213348689634,0.12625737647090324,0.0,0.0,66.0471213980493,75.43606929295414,0.09173211305284625,0.09173211305284625,0.0,0.0,151.44003209704627,151.44003209704627,0.04507143812412091,0.04507143812412091,199.5019489217036,0.514588360313918,201.18623220446554,426.9286308762682,1.0335211021111506,0.5189327417972326,0.89
9,0.0,0.0,1.5599285730391734,1.5599285730391734,0.011142346950279809,0.005571173475139904,0.0,0.0,65.34766372769099,65.34766372769099,0.12965806295176782,0.12965806295176782,7.12623201867165,0.021209023865094198,47.19050194267311,57.41227532147746,0.16165694631352606,0.14044792244843188,0.0,0.0,60.20667626207124,71.36852213949507,0.02389153819923462,0.02389153819923462,0.0,0.0,53.456883638864916,53.456883638864916,0.010606524531520816,0.010606524531520816,18.940616356359502,0.028185441006487354,152.965474074817,171.9060904311765,0.25581263457020315,0.22762719356371577,0.9444444444444444
10,0.0,0.0,1.465809660385619,1.465809660385619,0.013378421503519538,0.006689210751759769,18.662679757233846,0.04258349547781533,64.63837548739454,83.30105524462839,0.19007185224468778,0.14748835676687247,7.968044971706441,0.027666822818425144,39.18174470596871,48.791647539502435,0.16371454749192763,0.13604772467350246,0.0,0.0,72.59627087527038,78.88817968948133,0.06481809899577713,0.06481809899577713,36.60601080988363,0.0072630973829134185,127.8159048281545,164.42191563803812,0.0326233959599282,0.025360298577014783,44.87344500791007,0.09793807442202594,149.9444919092812,194.8179369171913,0.4251978781922826,0.3272598037702566,0.9239130434782609
11,0.0,0.0,1.8057465415081522,1.8057465415081522,0.015227029367876283,0.007613514683938141,3.159664789536123,0.006896093786685983,58.098737881273586,61.25840267080971,0.13369889471803706,0.12680280093135107,22.632467956315462,0.05388682846741776,49.906311093167915,74.56712503099575,0.17271137868924613,0.11882455022182836,0.0,0.0,75.42785523118388,84.79133722825,0.05986337716760626,0.05986337716760626,0.0,0.0,109.96247983144744,109.96247983144744,0.07636283321628294,0.07636283321628294,116.96318575550697,0.26688028495800203,195.50143396898878,309.8099292363707,0.712964906117401,0.446084621159399,0.9058823529411765
12,0.0,0.0,2.077699456906078,2.077699456906078,0.01690192018514865,0.008450960092574325,0.6728986445584639,0.0018024070836387426,58.3394392808272,59.01233792538566,0.15806876230014016,0.15626635521650142,7.943136946395043,0.014972182736260498,39.577836232995935,49.09254125963593,0.0895732629373441,0.07460108020108361,0.0,0.0,85.83662334860261,95.05355068272561,0.0681243042449227,0.0681243042449227,0.0,0.0,0.0,0.0,0.0,0.0,61.84183160948037,0.1595126608974692,213.38033995406929,275.2221715635497,0.7098984583980447,0.5503857975005755,0.9024390243902439
13,0.0,0.0,1.1543147011764967,1.1543147011764967,0.010649927302521251,0.0053249636512606256,8.304067017940506,0.02059540431036832,69.01392579541881,77.31799281335933,0.1917608948744031,0.17116549056403477,15.28506229608337,0.0470076320613675,45.554015381780026,64.04550857520647,0.18710430635057193,0.14009667428920444,0.0,0.0,96.99104412908359,109.70976430133305,0.04811063696879146,0.04811063696879146,0.0,0.0,43.52152327074996,43.52152327074996,0.025905668613541644,0.025905668613541644,34.12514045489713,0.08463576501710597,137.0845030629342,169.44270376928878,0.4246270920581134,0.33999132704100743,0.8924731182795699
14,0.0,0.0,1.4671068253627502,1.4671068253627502,0.012225890211356252,0.006112945105678126,4.796262716345858,0.012847132275926404,72.17832946936066,76.97459218570651,0.20618194335457105,0.19333481107864464,26.676168698392377,0.07410046860664549,50.901788381671736,80.09081454621895,0.21549432522240033,0.14139385661575482,0.0,0.0,117.44249911760124,159.61817837819228,0.10485937421214397,0.10485937421214397,0.0,0.0,84.01302441799463,84.01302441799463,0.016669250876586234,0.016669250876586234,158.08036908963433,0.28228637337434703,228.16758972041882,376.2702945248155,0.6897284978750949,0.4074421245007479,0.8928571428571429
15,0.0,0.0,1.3698413639266758,1.3698413639266758,0.009920478131611838,0.004960239065805919,0.0,0.0,55.539128059578864,55.539128059578864,0.07713767786052621,0.07713767786052621,2.5254524702697325,0.005010818393392326,44.70529655467034,47.375058936127935,0.09371180362091283,0.08870098522752051,0.0,0.0,68.62623342614606,68.25079240697602,0.08850605501387884,0.08850605501387884,0.0,0.0,172.2364782377682,172.2364782377682,0.051260856618383394,0.051260856618383394,39.916932098418535,0.0910803014150423,146.16298168939744,194.7013051321804,0.42458710487299284,0.33350680345795053,0.9041095890410958
16,0.0,0.0,1.5073488701531563,1.5073488701531563,0.012411702006221426,0.006205851003110713,3.982994935966824,0.009483321276111487,50.09362676423319,54.076621700200015,0.12875386119095242,0.11927053991484093,5.813068007912,0.013263944859323017,36.19648851615166,46.460760014088976,0.09585513889419288,0.08259119403486985,0.0,0.0,81.62977935190099,106.01917401373021,0.0647855391681754,0.0647855391681754,0.0,0.0,59.55020259759682,59.55020259759682,0.011815516388412068,0.011815516388412068,12.275267860145007,0.029226828238440493,147.37154234252034,159.64681020266536,0.38011145286348896,0.35088462462504844,0.891566265060241
17,0.0,0.0,1.5013770575026149,1.5013770575026149,0.015788290485642575,0.007894145242821287,5.320172998107947,0.017417233029520064,61.643805931999445,66.96397893010739,0.21922731197356587,0.2018100789440458,5.948397213222961,0.01593320682113293,41.933130847029304,59.281211457542845,0.12825409301853286,0.11232088619739991,0.0,0.0,69.37237265802236,81.90342669409037,0.11699705706214089,0.11699705706214089,0.0,0.0,104.80913136936515,104.80913136936515,0.0623863877198602,0.0623863877198602,21.422327328865084,0.04888031037340247,180.54045295468364,202.97621221678062,0.460827772472383,0.41194746209898053,0.8679245283018868
18,0.0,0.0,1.2310406097604736,1.2310406097604736,0.011479942194194893,0.005739971097097446,6.551026028961444,0.01494777764544774,64.53204188654493,71.08306791550638,0.16219350814054034,0.1472457304950926,4.373023878161863,0.013014952018338879,49.698376226606385,58.73451953687735,0.16092678602609597,0.1479118340077571,0.0,0.0,66.79212108560043,69.08108496259722,0.04638341742055585,0.04638341742055585,0.0,0.0,51.26028506259246,51.26028506259246,0.005085345740336553,0.005085345740336553,57.12515900440559,0.1813497111250971,154.12946740071476,211.25462640512035,0.6706496076353027,0.4892998965102056,0.9361702127659575
19,0.0,0.0,1.5287370280082873,1.5287370280082873,0.01289113565284766,0.00644556782642383,7.647445313936083,0.021242903649822453,54.44958991237237,62.09703522630845,0.1724917645175235,0.15124886086770103,22.754127418983455,0.04514707821226876,35.31750711600896,58.434951252645256,0.11522149709323892,0.07007441888097016,0.0,0.0,112.56525751655532,111.75526824304899,0.08933750596552009,0.08933750596552009,0.0,0.0,126.88579762914065,126.88579762914065,0.03776363024676805,0.03776363024676805,97.1111230920203,0.25048503972148095,177.8818328260427,269.44785981939157,0.7093072275664325,0.45882218784495143,0.8823529411764706
20,0.0,0.0,1.5539571471033902,1.5539571471033902,0.013874617384851698,0.006937308692425849,5.65393116380809,0.014583552605060548,65.76177634373735,71.41570750754543,0.18420718206311323,0.16962362945805268,4.542710088777901,0.012618639135494169,44.28643472622044,49.995751504795685,0.13563651337499538,0.12301787423950124,4.174330295643553,0.0028988404830858007,89.3135991064187,81.05629928186329,0.06492217319587658,0.06202333271279077,0.3951661089122922,0.0003136238959621367,80.07115175676721,80.4663178656795,0.06386215703625357,0.06354853314029144,53.81575182419071,0.10677728536545777,163.16595028552865,240.07750164396404,0.4305192502176972,0.3237419648522394,0.9222222222222223
21,0.0,0.0,1.6318634736603017,1.6318634736603017,0.014893992021502754,0.007446996010751377,6.469217078624987,0.017328260032031216,63.53403637603616,70.00325345466115,0.1875087146106995,0.1701804545786683,33.323637074875144,0.10248340767074696,41.4356657231855,74.30851977551572,0.22991452249403568,0.12743111482328873,0.0,0.0,83.60694428893582,108.59666423688915,0.0829433971120395,0.0829433971120395,0.0,0.0,93.47204119492156,93.47204119492156,0.018546039919627295,0.018546039919627295,83.39859793518666,0.1820207494617169,144.9617158567352,236.21817186519309,0.4984054467680834,0.3163846973063665,0.9021739130434783
22,0.0,0.0,1.640011207135505,1.640011207135505,0.016432651976258532,0.008216325988129266,8.328777177658026,0.023135492160161183,56.81916215474927,65.14793933240729,0.18096649814557583,0.15783100598541464,12.137339547802238,0.04093943895092025,42.8472247905708,55.1614794158505,0.18546380828419476,0.1445243693332745,0.0,0.0,69.7485122236092,84.63906594269581,0.07611444786306559,0.07611444786306559,0.0,0.0,42.004732992671684,42.004732992671684,0.012501408628771336,0.012501408628771336,138.42153389063344,0.34330737572081704,246.62819375829193,368.2443285085838,0.9549844435737236,0.6116770678529065,0.9108910891089109
23,0.0,0.0,1.4263767283904936,1.4263767283904936,0.011461955853137895,0.005730977926568947,2.2848940310942303,0.005440223883557691,64.683284051545,66.96817808263923,0.15944804305390292,0.15400781917034523,5.355872096887056,0.013814749456256298,42.92127366541288,49.414275281169516,0.12452438391069429,0.11070963445443799,0.0,0.0,65.5545797547676,71.676255055477,0.0585308747810425,0.0585308747810425,0.0,0.0,31.89797925345524,31.89797925345524,0.003164482068795163,0.003164482068795163,124.09375119691981,0.24621776031134884,282.82352500053224,389.6570650973271,0.8073755480108176,0.5611577876994688,0.9135802469135802
24,0.0,0.0,1.3013204686184314,1.3013204686184314,0.010457039479969538,0.005228519739984769,11.925575511500558,0.035492784260418325,68.18753700075459,80.11311251225514,0.23843188247694982,0.2029390982165315,17.52219794010128,0.03650457904187767,40.240037596558544,50.3396934558357,0.12033799070137464,0.08383341165949697,0.0,0.0,66.57830522068207,81.70090011329596,0.07925988716747866,0.07925988716747866,0.0,0.0,82.75407537042693,82.75407537042693,0.057468107896129814,0.057468107896129814,0.0,0.0,156.19432282553467,164.3746589265856,0.15495468534279233,0.15495468534279233,0.8518518518518519
25,0.0,0.0,1.4917571226666084,1.4917571226666084,0.013171268245766681,0.006585634122883341,0.8543334400628063,0.002288393143025374,50.611055092950714,51.465388533013524,0.13785371928485765,0.13556532614183228,2.3694249884421574,0.004936302059254495,42.58798892896258,44.957413917404736,0.0936612789945932,0.0887249769353387,0.0,0.0,76.70676861723585,120.97382234189901,0.08370778321325341,0.08370778321325341,0.0,0.0,83.1719484544835,83.1719484544835,0.0495071121752878,0.0495071121752878,33.63608164203445,0.07674899581019765,155.5408809510121,189.17696259304657,0.43165378369445145,0.3549047878842538,0.9101123595505618
26,0.0,0.0,1.6751976695482425,1.6751976695482425,0.016286644009496802,0.008143322004748401,19.981014822466566,0.05352057541732116,67.61770092168996,87.59871574415651,0.2346394171718478,0.18111884175452667,37.68170789982377,0.10840967550544536,44.48566737457077,87.26742319149619,0.23639423442038113,0.12798455891493574,0.0,0.0,103.90944452090676,121.02708771970563,0.08246781311183077,0.08246781311183077,0.0,0.0,113.44282042034808,113.44282042034808,0.02250849611514843,0.02250849611514843,75.46546530843553,0.22459959913224858,181.31335841253915,263.9209936688557,0.764222689645758,0.5396230905135094,0.8775510204081632
27,0.0,0.0,1.6582325189952194,1.6582325189952194,0.014312125907994452,0.007156062953997226,3.510766676015789,0.009752129655599415,56.54766681606236,60.05843349207815,0.1668289819224393,0.1570768522668399,8.740566913835153,0.013873915736246275,40.51580629711956,51.83631559199261,0.0781847193824678,0.06431080364622152,0.0,0.0,83.30621551089605,97.41257834599456,0.08264505507033339,0.08264505507033339,0.0,0.0,111.2211269152576,111.2211269152576,0.05516920977939365,0.05516920977939365,68.80276323206968,0.1911187867557491,207.3935045903118,276.6133328166007,0.7672118550621708,0.5760930683064217,0.9310344827586207
28,0.0,0.0,1.5452171434621458,1.5452171434621458,0.013796581638054873,0.006898290819027437,2.12205942877456,0.004210435374552698,58.2694815302533,60.391540959027864,0.11982448602981718,0.11561405065526449,6.29410275686007,0.01623478885698034,46.215092043040514,58.368149298003146,0.135440383412442,0.11920559455546165,0.0,0.0,97.2586880906836,97.2586880906836,0.1061354731148333,0.1061354731148333,0.0,0.0,130.93816890297452,130.93816890297452,0.07793938625177055,0.07793938625177055,35.04548892630478,0.09387184533831637,140.59772459292196,180.3811189242019,0.47047289335507164,0.37660104801675526,0.9222222222222223
29,0.0,0.0,1.3537150244789031,1.3537150244789031,0.011549552788212864,0.005774776394106432,2.0418266720538876,0.005266616416012012,61.23568382871008,63.27751050076397,0.1632158008948277,0.15794918447881567,14.866456128403836,0.05161963933473554,46.32495055078447,66.97137958141715,0.21247016208051497,0.1608505227457794,16.290348845508237,0.011312742253825165,110.82911728874895,100.39014079376645,0.0882774070376786,0.07696466478385343,0.0,0.0,102.8439196440743,102.8439196440743,0.04081107922383901,0.04081107922383901,18.308714457398658,0.023612429359740335,122.36848487596409,140.67719933336275,0.18142892771167815,0.1578164983519378,0.9069767441860465
30,0.0,0.0,1.2608453477996049,1.2608453477996049,0.010507044564996708,0.005253522282498354,4.877146509371371,0.010160721894523689,56.74191322224202,61.61905973161339,0.1283730411075279,0.11821231921300421,3.3919388603974725,0.008076044905708268,56.16606129782141,61.09453195149986,0.1418047622814735,0.13372871737576525,1.8619430572433784,0.0016624491582530165,75.56804446411168,85.10550331438107,0.06913391742978131,0.06747146827152829,0.0,0.0,81.88629043626914,81.88629043626914,0.0487418395453983,0.0487418395453983,47.94707938832378,0.11415971282934234,192.29702285601468,252.80143310856542,0.5720097672484249,0.45785005441908255,0.9047619047619048
31,0.0,0.0,1.6518265649833845,1.6518265649833845,0.013765221374861537,0.0068826106874307685,4.903892531367577,0.014108420973180531,53.867458212020104,58.77135074338768,0.16908424321014312,0.1549758222369626,15.796344954333911,0.04544583369798447,45.932980538709,66.47904563620412,0.1775942896129211,0.13214845591493662,0.0,0.0,66.38866159686728,108.94166868599525,0.07244794420293056,0.07244794420293056,0.0,0.0,39.65925222035199,39.65925222035199,0.007868899250069838,0.007868899250069838,29.213280396322904,0.03477771475752727,196.11580934219145,225.32908973851434,0.26824891635537423,0.23347120159784696,0.8571428571428571
32,0.0,0.0,1.536887250276143,1.536887250276143,0.013569738618509596,0.006784869309254798,1.8544282777750993,0.005887073897698728,63.134340167481156,64.98876844525626,0.20631355061986112,0.2004264767221624,15.94980094109886,0.0443050026141635,46.200367564245184,62.56905046426426,0.172639356959289,0.1283343543451255,0.0,0.0,73.87164832747571,54.23069419612907,0.0659568288638176,0.0659568288638176,0.0,0.0,69.52282646677888,69.52282646677888,0.02758842320110273,0.02758842320110273,84.13263313742746,0.12519737074021942,354.59143849876335,429.6203642163421,0.6528632018395696,0.5276658310993502,0.8876404494382022
33,0.0,0.0,1.660074324269465,1.660074324269465,0.019433409748392548,0.009716704874196274,12.453567685012741,0.03829966252335268,64.76596802324717,77.21953570825993,0.2374807149757993,0.19918105245244666,25.036660865516147,0.1018356245521986,41.321635003193364,69.55241088392687,0.26990973518026684,0.16807411062806824,2.2523614817194053,0.0033517283954157817,71.09596380022774,102.9506616873958,0.1091492935743261,0.10579756517891031,0.0,0.0,176.02592871733472,176.02592871733472,0.06985155901481536,0.06985155901481536,143.30182115244338,0.38384416380118763,281.96734518269614,377.13382330927345,1.139113838397695,0.7552696745965075,0.8813559322033898
34,0.0,0.0,1.7907251054514042,1.7907251054514042,0.017232176113966886,0.008616088056983443,10.835747116983999,0.03224924737197619,74.88254722890555,85.71829434588953,0.2551139712675284,0.2228647238955522,21.49416953183511,0.06610310074274686,41.19300844751178,68.888289985101,0.1927879481507692,0.12668484740802233,0.0,0.0,73.61504637681216,82.21349416744492,0.08763695997239543,0.08763695997239543,0.0,0.0,105.56435070180837,105.56435070180837,0.05236326919732558,0.05236326919732558,30.090133337068032,0.05373238095905006,187.19407661801665,235.55922102781219,0.3880075177769369,0.3342751368178869,0.8556701030927835
35,0.0,0.0,1.5331673727242876,1.5331673727242876,0.011103295457229463,0.005551647728614732,0.0,0.0,48.99652224086901,48.99652224086901,0.09235455581116182,0.09235455581116182,2.3260405183953274,0.00530743372252902,36.47004944090062,40.21476326945363,0.08852282431188559,0.08321539058935656,0.0,0.0,68.81122065870156,66.19700715460148,0.05461207988785838,0.05461207988785838,0.0,0.0,67.6504097324531,67.6504097324531,0.02684540068748139,0.02684540068748139,45.59026810255643,0.07688834898248605,234.8730320941284,305.80370513279286,0.4730035816809169,0.39611523269843085,0.863013698630137
36,0.0,0.0,1.5656323382606974,1.5656323382606974,0.012425653478259503,0.006212826739129752,4.906250432049774,0.00973462387311463,55.679028151290936,60.58527858334071,0.12020888607805696,0.11047426220494233,6.470018139406712,0.017972272609463092,37.482439841311205,47.36167044800557,0.12209016105754977,0.10411788844808668,0.0,0.0,125.26770375118925,153.46534580493335,0.14912821875141577,0.14912821875141577,0.0,0.0,42.41409611963859,42.41409611963859,0.01262324289274958,0.01262324289274958,41.268848869143476,0.06960024114835704,186.42767704716667,227.69652591631012,0.38401199807314207,0.31441175692478507,0.8875
37,0.0,0.0,1.3120863323813168,1.3120863323813168,0.010803885474965207,0.0054019427374826035,2.468385176205384,0.007101504971225808,59.36662838074519,61.83501355695058,0.17789835249519512,0.17079684752396931,15.552942916236207,0.033944915094959976,38.429855904554636,53.98279882079084,0.11781960060093238,0.08387468550597241,0.0,0.0,105.81774387596577,156.31995902029067,0.08398233640949665,0.08398233640949665,0.0,0.0,110.20105348849772,110.20105348849772,0.06559586517172483,0.06559586517172483,34.86047193927505,0.05879246259599959,198.4808492724803,238.1681883010148,0.3935319901388731,0.3347395275428735,0.9036144578313253
38,0.0,0.0,1.3532586762729648,1.3532586762729648,0.011948414899632328,0.005974207449816164,6.253819086475084,0.016130882564320652,62.77698877030028,69.03080785677535,0.17805565518612693,0.16192477262180627,22.759174912537997,0.058704221004562296,46.845594407406914,73.87538649488457,0.17953611134112776,0.12083189033656545,4.720768058854694,0.005151631810258099,83.6951224513686,79.96150481453938,0.09648559480282304,0.09133396299256494,0.0,0.0,161.15519867833598,161.15519867833598,0.03197523783300317,0.03197523783300317,36.39255771205641,0.08664894693346764,170.25993099923218,210.17343955177054,0.4920297350268777,0.40538078809341,0.9213483146067416
39,0.0,0.0,1.3320350885182761,1.3320350885182761,0.013478926490958746,0.006739463245479373,16.945143524467273,0.05715623807856024,54.46149967623063,71.40664320069789,0.24085574095473494,0.18369950287617473,11.172708782813704,0.03879412771810314,42.82618747286434,57.85184594210985,0.18749616755443765,0.14870203983633454,0.0,0.0,49.76409531850661,59.6803131727502,0.024684571090529073,0.024684571090529073,0.0,0.0,56.072971621864525,56.072971621864525,0.03337676882253841,0.03337676882253841,20.990341425389683,0.04372987796956184,154.44510448706828,184.1777431747051,0.36549051231762075,0.3217606343480589,0.9215686274509803
40,0.0,0.0,1.5002809249991056,1.5002809249991056,0.01190699146824687,0.005953495734123435,4.227564611139348,0.01132383377983754,63.72450711610878,67.95207172724814,0.1820144778408432,0.17069064406100568,0.12722404223886236,0.00021456435695046229,47.8705010335469,49.566798611655294,0.0809485442746387,0.08073397991768823,0.0,0.0,69.36671172680542,76.65957379867606,0.05505294581492494,0.05505294581492494,0.0,0.0,89.19568570781118,89.19568570781118,0.04424389172014443,0.04424389172014443,76.12465947949104,0.15104099103073618,215.02978116753394,278.5903582188712,0.5776873822361607,0.42664639120542447,0.8875
41,0.0,0.0,1.5061802615825304,1.5061802615825304,0.012402079534856154,0.006201039767428077,5.352611274023098,0.014337351626847584,62.01399804653165,67.36660932055474,0.18044627496577165,0.16610892333892405,6.644389262488189,0.01647914003593301,42.48094680116278,52.893158531922005,0.12183863111024547,0.10535949107431246,0.0,0.0,75.18533500125424,107.97454338202024,0.07458862599330779,0.07458862599330779,0.0,0.0,58.37835030969197,58.37835030969197,0.011583006013827772,0.011583006013827772,67.8222584005001,0.11438277706433549,161.69052866546448,229.5127870659646,0.38707513691680534,0.27269235985246987,0.8554216867469879
42,0.0,0.0,1.3696998942931584,1.3696998942931584,0.010870634081691734,0.005435317040845867,5.566442521393023,0.014357887455974067,64.7224339697228,70.28887649111581,0.1813006734889892,0.16694278603301516,14.102835351951693,0.02378454374833123,47.862723463791724,61.96555881574341,0.10450540673290058,0.08072086298456937,8.805280896685815,0.006988318171972869,59.15177205262657,83.87512548333066,0.05393416900739078,0.04694585083541791,12.479564203674576,0.007428312025996771,118.40023189111389,130.87979609478847,0.07790464053261219,0.07047632850661541,38.22853742088648,0.0796427862935135,186.12682326681718,224.35536068770367,0.46740700143271596,0.38776421513920245,0.9
43,0.0,0.0,1.6241457955074154,1.6241457955074154,0.013856799445797393,0.006928399722898697,0.0,0.0,52.72475674933751,52.72475674933751,0.13076576574736487,0.13076576574736487,8.344451987146666,0.02152338806208465,43.98034851789558,55.1743809771059,0.13496476320745024,0.11344137514536558,0.0,0.0,82.69205204353537,75.13927334160745,0.08203576591620573,0.08203576591620573,0.0,0.0,96.15092607116287,96.15092607116287,0.0381551293933186,0.0381551293933186,92.18151170684342,0.18289982481516553,189.5605090156234,292.95142045945,0.5590119458779104,0.3761121210627449,0.8953488372093024
44,0.0,0.0,1.3639681181828611,1.3639681181828611,0.011095772389979624,0.005547886194989812,1.8685119069669378,0.0050049426079471545,61.945356434072536,63.81386834103947,0.17093000448492718,0.16592506187698,1.9535751225497633,0.0034885270045531486,44.368980601857956,50.16162887682955,0.08271884950787094,0.07923032250331778,0.0,0.0,98.96442264048719,114.77319953956285,0.10799688978624593,0.10799688978624593,0.0,0.0,178.38423653319083,178.38423653319083,0.05309054658725918,0.05309054658725918,23.1833039753233,0.05059848089852308,149.64531896791198,171.50367665891198,0.37720532785229927,0.3266068469537762,0.8658536585365854
45,0.0,0.0,1.4327129830968413,1.4327129830968413,0.01492409357392543,0.007462046786962715,11.386772647807954,0.041796685314374436,60.58937795499663,71.97615060280458,0.2641981718555327,0.22240148654115827,23.883814161622055,0.07345220625102021,38.84694814274272,73.25400914546053,0.19292198724556625,0.11946978099454605,0.0,0.0,71.67287192743592,89.66466449488354,0.04977282772738605,0.04977282772738605,0.0,0.0,74.8799509731123,74.8799509731123,0.06685709908313597,0.06685709908313597,67.06226896609522,0.13306005747241115,190.79117767200415,207.01657845079816,0.5116139814248003,0.37855392395238924,0.8571428571428571
46,0.0,0.0,1.591895353276151,1.591895353276151,0.014845055873805376,0.007422527936902688,13.144298495250986,0.03390394453140135,51.47433282413504,64.61863131938603,0.16667504110159095,0.1327710965701896,7.690708764335106,0.024414948458206687,43.26723681758159,51.96174100578266,0.16177125581560856,0.13735630735740187,0.0,0.0,55.12941184020943,49.93381967830369,0.04922268914304413,0.04922268914304413,0.0,0.0,28.481034240161627,28.481034240161627,0.002825499428587463,0.002825499428587463,441.62787157471104,1.095307221167438,250.97052163681477,691.1963147804014,1.717753951417475,0.6224467302500366,0.925531914893617
47,0.0,0.0,1.2727462347060634,1.2727462347060634,0.00997489608549395,0.004987448042746975,1.7373755594682865,0.00361953241555893,60.82810441955251,62.56547997902079,0.13034474995629333,0.1267252175407344,10.688967884968491,0.03393323138085235,47.26543904680423,57.1618243155701,0.18398224422784992,0.15004901284699756,0.0,0.0,88.75256357617134,80.49107758674695,0.07924336033586728,0.07924336033586728,4.934194198618798,0.001958013570880475,52.67345081987611,57.60764501849491,0.022860176594640836,0.02090216302376036,0.0,0.0,167.11327478707676,167.11327478707676,0.19894437474651996,0.19894437474651996,0.9240506329113924
48,0.0,0.0,1.519356580139495,1.519356580139495,0.014470062667995191,0.0072350313339975955,31.00220501297699,0.08919285172384253,68.51984243193536,99.52204744491235,0.28632335078397403,0.19713049906013147,16.196906201287366,0.03856406238401754,35.88213275985545,52.81950322550177,0.12399771181224481,0.08543364942822726,0.0,0.0,94.2792402360422,93.33493572690566,0.09353099229766092,0.09353099229766092,0.0,0.0,103.36629768574649,103.36629768574649,0.061527558146277674,0.061527558146277674,195.3745016840147,0.5039421670421014,219.08403956751997,424.470240165203,1.0690398881487997,0.5650977211066983,0.8958333333333334
49,0.0,0.0,1.3292188614062967,1.3292188614062967,0.010417489092370778,0.005208744546185389,6.0736314669850255,0.015063570106609686,72.08564582430478,78.15927729128981,0.1938474139168894,0.17878384381027973,11.673381464987642,0.02547761827675874,42.28859129098232,56.69668735936377,0.11777414688802967,0.09229652861127093,0.0,0.0,115.8455983985813,124.03231093445301,0.08044833222123701,0.08044833222123701,0.0,0.0,75.1459394829597,75.1459394829597,0.02981981725514274,0.02981981725514274,42.49263550853417,0.08852632397611286,132.1463244565745,179.87160124334028,0.36383116659397635,0.2753048426178635,0.9367088607594937
50,0.0,0.0,1.4560888602693947,1.4560888602693947,0.013000793395262453,0.0065003966976312265,2.6768984962342985,0.007966959810221125,54.841955576753755,57.51885407298805,0.17118706569341682,0.1632201058831957,15.39317135976208,0.041231708999362716,40.72168095292841,59.290549787771106,0.1503076401232781,0.10907593112391538,0.0,0.0,112.93589418995798,134.5626293237179,0.11203957756940276,0.11203957756940276,0.0,0.0,117.30384609429512,117.30384609429512,0.02327457263775697,0.02327457263775697,62.961605229313285,0.12492381989943112,156.0292592980743,218.99086452738757,0.43450568358608643,0.30958186368665536,0.9
51,0.0,0.0,1.785626686333942,1.785626686333942,0.015588804404502669,0.007794402202251334,10.459642456861074,0.026979236495871816,74.47969169964159,84.93933415650267,0.2190895523878045,0.1921103158919327,22.025471188118605,0.06773706416980921,46.065608358192705,69.73088613745377,0.2094070898745685,0.1416700257047593,0.0,0.0,75.9444789801373,85.24745964270105,0.045205047011986486,0.045205047011986486,0.0,0.0,48.15265258590595,48.15265258590595,0.0143311466029482,0.0143311466029482,9.468148221458943,0.01972530879470613,119.25386964119103,128.72201786264998,0.26817087054718747,0.2484455617524813,0.9431818181818182
52,0.0,0.0,1.4434011984309614,1.4434011984309614,0.011312370503575987,0.0056561852517879934,1.2975990887580526,0.0030895216399001255,56.54899071180481,57.84658980056287,0.13772997571562587,0.13464045407572575,4.234534997382579,0.00798176239586002,45.965905842264924,52.21724774134031,0.09462384682076413,0.08664208442490412,0.0,0.0,74.11557289317649,74.11557289317649,0.05146914784248367,0.05146914784248367,0.0,0.0,75.06402315046876,75.06402315046876,0.02978731077399554,0.02978731077399554,46.44847018090271,0.11059159566881598,162.23538343929434,213.75555317385118,0.4968663181433263,0.38627472247451033,0.9113924050632911
53,0.0,0.0,1.3483194805240197,1.3483194805240197,0.0124398523500728,0.0062199261750364,5.168861703157649,0.013332381377192348,58.9934392021414,64.16230090529905,0.16549799836684279,0.15216561698965045,9.948448611454756,0.02171288387420681,40.06359792456323,51.5089037065439,0.10915327616988053,0.08744039229567371,0.0,0.0,76.37143146215847,80.47554124139424,0.1060714325863312,0.1060714325863312,0.0,0.0,74.57891181506936,74.57891181506936,0.04439220941373176,0.04439220941373176,67.44909329212334,0.16059307926696031,147.56451986518613,215.01361315730946,0.5119371741840701,0.35134409491710983,0.9354838709677419
54,0.0,0.0,1.605756079195127,1.605756079195127,0.013859204254957942,0.006929602127478971,7.595740859901459,0.018085097285479666,77.07985660955521,84.67559746945666,0.20160856540346825,0.1835234681179886,22.57977277054194,0.05376136373938557,45.786795921513054,68.67870712043684,0.16277754450489285,0.10901618076550726,0.0,0.0,74.69746795057718,96.94774384299137,0.09633602017435548,0.09633602017435548,1.4320309202149701,0.0011365324763610875,83.35575072053342,84.78778164074839,0.06729189019107015,0.06615535771470907,72.51872120440031,0.12949771643642913,156.32964036814818,250.82205491368327,0.408657788522408,0.27916007208597887,0.896551724137931
55,0.0,0.0,1.462007642991696,1.462007642991696,0.015664367603482457,0.007832183801741228,16.15506842685246,0.052888616873624124,63.71561378640493,79.8706822132574,0.261481400102926,0.20859278322930186,35.71361572678137,0.12046259272922288,41.75201940139287,86.24789676364982,0.26129281690058775,0.14083022417136484,0.0,0.0,56.1946762747056,65.72932051349521,0.03902408074632333,0.03902408074632333,0.0,0.0,107.04918858581064,107.04918858581064,0.053099795925501306,0.053099795925501306,126.15443968268137,0.35042899911855935,195.38304639881397,297.5822437425758,0.8931596835597092,0.5427306844411499,0.8981481481481481
56,0.0,0.0,1.272296390781401,1.272296390781401,0.011738448843518878,0.005869224421759439,2.013377042634788,0.0043942752914648145,64.00288948096727,66.01626652360206,0.1440831213808775,0.13968884608941268,13.243189452196152,0.04072806279941277,42.94367582173817,58.465116713649145,0.17279690709245674,0.13206884429304397,0.0,0.0,48.98145143157494,59.05621481846856,0.04859270975354657,0.04859270975354657,0.0,0.0,87.58000772885681,87.58000772885681,0.03475397132097493,0.03475397132097493,34.52579195881335,0.08562944434229502,150.55467703392267,186.52906967060565,0.45902894095420643,0.3733994966119114,0.9032258064516129
57,0.0,0.0,1.4978769032208405,1.4978769032208405,0.011739313031195079,0.0058696565155975395,2.6633689621152774,0.0047560160037772815,51.46054337292531,54.123912335040586,0.09664984345542962,0.09189382745165234,7.310011264787613,0.014503990604737328,50.323564971231136,57.75751327801985,0.11435233380162449,0.09984834319688717,0.0,0.0,87.23200998030592,103.78212032675236,0.10384763092893562,0.10384763092893562,0.0,0.0,75.59375565398189,75.59375565398189,0.022498141563685084,0.022498141563685084,59.395719003689535,0.15320324346189762,204.23433635916814,250.48489492932364,0.6799981586740377,0.5267949152121401,0.9240506329113924
58,0.0,0.0,1.5099891254527675,1.5099891254527675,0.011684439661241653,0.0058422198306208265,1.912640997794178,0.0036051764839374386,57.15747120700128,59.07011220479546,0.1113424734018962,0.10773729691795876,9.808787867397186,0.024327350861600164,42.965751319913416,56.50523745122267,0.1308892340955124,0.10656188323391225,0.0,0.0,71.65025451163643,58.21198890138044,0.05686528135844161,0.05686528135844161,0.0,0.0,50.41899773449795,50.41899773449795,0.010003769391765466,0.010003769391765466,83.33484866411678,0.19014896024550454,183.17338190177,273.9851154372054,0.6081040975213686,0.4179551372758641,0.8461538461538461
59,0.0,0.0,1.6366744286286887,1.6366744286286887,0.015749744005653057,0.007874872002826529,4.671942321847092,0.01251413121923328,62.12272036756407,66.79466268941117,0.17891427506092275,0.16640014384168947,5.054676083183426,0.01103203113393208,49.120041419208945,50.67037883693364,0.11823847073934841,0.10720643960541634,0.0,0.0,104.77152809480549,102.8775866725443,0.0727580056213927,0.0727580056213927,0.0,0.0,110.67518334567767,110.67518334567767,0.032939042662404064,0.032939042662404064,151.29097512308093,0.5553339364636899,179.73826771343983,328.7557053966254,1.2150874985070703,0.6597535620433803,0.9175257731958762
60,0.0,0.0,1.5038101279022578,1.5038101279022578,0.013426876141984444,0.006713438070992222,10.442685292935284,0.026935497779396564,65.71379631497891,76.15648160791419,0.19643536922676277,0.16949987144736622,3.682282513720163,0.009497950928246453,36.579190238552016,41.86655304994449,0.10384903686101951,0.09435108593277305,0.0,0.0,144.98767474305896,164.25626512493042,0.14383697891176483,0.14383697891176483,0.0,0.0,99.57317054638324,99.57317054638324,0.07902632583046289,0.07902632583046289,67.94951695149634,0.12807944663476492,166.57605409694563,256.9735136936703,0.4420620882857537,0.31398264165098877,0.8888888888888888
61,0.0,0.0,1.5856068210076835,1.5856068210076835,0.014157203758997174,0.007078601879498587,22.757242223188317,0.07224521340694703,67.81997452358495,90.57721674677326,0.2875467198310262,0.2153015064240792,21.03117150634531,0.045901366382896505,46.14661573706475,69.35476995889987,0.14661818644395053,0.10071682006105402,0.0,0.0,85.4280477282703,101.8602062277164,0.07627504261452706,0.07627504261452706,0.0,0.0,64.92770845685806,64.92770845685806,0.03864744551003456,0.03864744551003456,63.21306730087785,0.12542275258110686,190.92831752811364,263.07950225486286,0.5042487794226023,0.3788260268414953,0.8777777777777778
62,0.0,0.0,1.4498239972767335,1.4498239972767335,0.0126571936270191,0.00632859681350955,3.6081761262837064,0.010380665442681299,63.589583392746846,67.19775951903055,0.19332688750514743,0.18294622206246614,10.36866496409225,0.02263002273909023,41.78794409194662,51.53068975776699,0.1138338689715134,0.09120384623242318,0.0,0.0,62.77481117105568,82.86957247126647,0.07473191806078057,0.07473191806078057,0.0,0.0,56.90423050114278,56.90423050114278,0.005645260962414958,0.005645260962414958,174.5579108705068,0.3982968204386564,207.6896913891485,381.34159068289915,0.8721919496004039,0.47389512916174753,0.8977272727272727
63,0.0,0.0,1.316488906285698,1.316488906285698,0.012407385525510049,0.006203692762755024,5.900444310403409,0.014634038468262424,53.75605218624138,59.656496496644785,0.14795758059683728,0.13332354212857483,12.297335676309865,0.04513902976423264,45.35803690106243,58.05316160586767,0.2116318239447197,0.16649279418048707,0.0,0.0,75.12876054278054,74.55657534811918,0.0596260004307782,0.0596260004307782,0.0,0.0,45.00872642808575,45.00872642808575,0.017860605725430852,0.017860605725430852,43.05513899876735,0.08542686309279236,192.5443915523294,242.44904580299416,0.4674593860140808,0.3820325229212885,0.9473684210526315
64,0.0,0.0,1.7575884749524606,1.7575884749524606,0.014820934560611026,0.007410467280305513,0.16487805138388012,0.0003925667890092384,53.48485422955804,53.64973228094192,0.12773745781176649,0.12734489102275723,4.439823707963404,0.009690091426110603,40.07857690814873,46.50580878811636,0.09716317594786379,0.08747308452175317,0.0,0.0,95.88495360955112,101.23729373285526,0.08561156572281349,0.08561156572281349,0.0,0.0,56.355835425769634,56.355835425769634,0.01677257006719334,0.01677257006719334,123.91950803589549,0.31963365167988916,212.02229523843306,329.8110096893948,0.8665165560647364,0.5468829043848472,0.9176470588235294
65,0.0,0.0,1.4834826663985137,1.4834826663985137,0.014275577246096809,0.0071377886230484045,7.148606451576594,0.02198480158718992,64.10496536496377,71.25357181654037,0.21913300856277296,0.19714820697558305,20.58858161721284,0.055147986474677245,44.40454398747666,67.95376180495848,0.17408872929827543,0.11894074282359819,0.0,0.0,52.19656375908409,63.77394684069191,0.04142584425324134,0.04142584425324134,0.0,0.0,76.68682642953314,76.68682642953314,0.030431280329179817,0.030431280329179817,68.8091634958877,0.1638313416568755,222.09053281135434,278.17118387827924,0.6926183245410524,0.5287869828841769,0.865979381443299
66,0.0,0.0,1.43308407474269,1.43308407474269,0.011515854172039474,0.005757927086019737,5.1129516754334885,0.012173694465317828,70.53488583016676,75.64783750560025,0.18011389882285775,0.1679402043575399,13.487709892636293,0.030775528524864558,51.6373170443041,61.919342034657404,0.14859877178071715,0.1178232432558526,0.0,0.0,70.1502449012658,65.05948402845114,0.05567479754068714,0.05567479754068714,0.0,0.0,54.294844087761895,54.294844087761895,0.021545573050699166,0.021545573050699166,55.57107544269356,0.12128607735508515,145.40526793247042,198.2142078211272,0.4386388446680166,0.31735276731293144,0.8641975308641975
67,0.0,0.0,1.6630399653456178,1.6630399653456178,0.015838475860434454,0.007919237930217227,9.170489249943358,0.02911266428553447,63.619358006188556,72.78984725613192,0.23107888017819653,0.2019662158926621,30.471755006459414,0.06952880606632604,45.56182400299058,76.33351237567403,0.17348931718426092,0.10396051111793486,0.0,0.0,94.03772476376216,105.56785090003099,0.09329139361484341,0.09329139361484341,0.0,0.0,88.23449380029054,88.23449380029054,0.043767110019985386,0.043767110019985386,10.791088675561003,0.026763612786609627,137.16974109871796,147.96082977427898,0.3669663436862078,0.3402027308995981,0.90625
68,0.0,0.0,1.1202293899705213,1.1202293899705213,0.009446378784473642,0.004723189392236821,0.0,0.0,51.13205568587907,51.13205568587907,0.08623461772420081,0.08623461772420081,4.867889822595097,0.014487767329152072,41.24249749879519,51.85519801163969,0.13723329559937586,0.12274552827022378,0.0,0.0,59.4564177847782,69.04787851163906,0.06488299559846827,0.06488299559846827,10.773483518042667,0.00641278780835873,58.83986503917495,69.61334855721762,0.041436516998343824,0.035023729189985094,67.45250929037852,0.1338343438301161,171.07680049326254,245.9713268233759,0.4732724400469069,0.3394380962167908,0.8823529411764706
69,0.0,0.0,1.3194519019479136,1.3194519019479136,0.01178082055310637,0.005890410276553185,0.0,0.0,58.215364276792826,58.215364276792826,0.13860801018284005,0.13860801018284005,7.820837218823132,0.02327630124649742,37.71196580909361,47.28353887546499,0.1355142947259427,0.11223799347944527,0.0,0.0,96.90727451480957,97.15112895657485,0.10575198607766918,0.10575198607766918,0.0,0.0,99.52857423305072,99.52857423305072,0.029621599474122236,0.029621599474122236,82.53106116210809,0.17193971075439185,238.0632481257491,315.5767654152227,0.6679048110163692,0.4959651002619773,0.8888888888888888
70,0.0,0.0,1.3015547543334363,1.3015547543334363,0.013299617033367453,0.006649808516683726,7.411974080853455,0.01985350200228604,54.5318007614514,61.943774842304855,0.16592082547045944,0.1460673234681734,19.753589251649718,0.06466948862147229,36.40536004683632,57.797851761737995,0.18385370306051976,0.11918421443904748,8.467813919386117,0.008400609047010036,65.89453083861275,76.93268140250898,0.07377216741864967,0.06537155837163963,0.0,0.0,121.01248810366846,121.01248810366846,0.060026035765708564,0.060026035765708564,144.00724471180456,0.32858795916383976,249.14968644433432,393.7701029942418,0.8970842675189677,0.568496308355128,0.8737864077669902
71,0.0,0.0,1.3578342314262086,1.3578342314262086,0.00956411016183143,0.004782055080915715,7.644301774362045,0.013650538882789368,66.84160668361113,74.48590845797317,0.13301055081780924,0.11936001193501987,2.081386345865693,0.005368655257193256,43.947769188794574,47.629910130578985,0.11872599641876656,0.11335734116157331,0.0,0.0,93.41964367047318,220.21956363088998,0.05560693075623403,0.05560693075623403,0.0,0.0,100.82692209352446,100.82692209352446,0.030008012527834662,0.030008012527834662,74.82328722309703,0.12619006773736602,163.94354398558474,238.76683120868177,0.40268215580829264,0.2764920880709266,0.8732394366197183
72,0.0,0.0,1.4205672732343062,1.4205672732343062,0.011415272731347103,0.005707636365673552,2.842604488197782,0.006486101510768749,62.18993256295364,65.03253705115142,0.14838773335084154,0.1419016318400728,11.46202521666212,0.023879219201379417,43.59673127117877,51.910445595534476,0.11470574268300185,0.09082652348162243,0.0,0.0,75.11678576454625,75.67099042661808,0.08197268287797707,0.08197268287797707,0.0,0.0,95.8841788411391,95.8841788411391,0.05707391597686852,0.05707391597686852,48.99666806128812,0.09721561123271452,186.08233559441393,237.00738693983334,0.4664265945549644,0.3692109833222499,0.9382716049382716
73,0.0,0.0,1.6277661536622474,1.6277661536622474,0.014695111109450845,0.007347555554725422,2.9258367682740425,0.006385754851391759,57.754612702994294,60.68044947126834,0.13243748892538723,0.12605173407399548,0.5002787851195272,0.0010918783008561108,47.32624715952086,48.871038034704604,0.10438329075219133,0.10329141245133522,0.0,0.0,90.90208677287121,123.26524120729489,0.10821676996770384,0.10821676996770384,0.0,0.0,78.24411872474529,78.24411872474529,0.023286940096650385,0.023286940096650385,111.52353050551291,0.32085142704959074,220.28198700778393,347.6422703176331,0.9545992071315086,0.633747780081918,0.8461538461538461
74,0.0,0.0,1.4785042874758307,1.4785042874758307,0.01408099321405553,0.007040496607027765,0.5132827184697817,0.0010184180922019478,55.09382275834504,55.60710547681482,0.11033155848574369,0.10931314039354174,20.209673778716166,0.07017247839832003,48.296534011597196,70.3693944330443,0.2378687770496992,0.16769629865137914,0.0,0.0,90.69221541194051,117.8364930007668,0.08997243592454415,0.08997243592454415,0.0,0.0,73.67196548711348,73.67196548711348,0.029234906939330747,0.029234906939330747,21.58903759055915,0.057827779260426294,115.67564528696312,141.28638436443686,0.3676732577076489,0.30984547844722266,0.8958333333333334
75,0.0,0.0,1.762123873126156,1.762123873126156,0.012936226846362652,0.006468113423181326,7.316736623489736,0.013791467841895336,43.892197933072886,51.20893455656262,0.09652477743796525,0.08273330959606992,4.439918593632599,0.011892639090087318,39.56078793952687,45.24859288999052,0.11785903535667713,0.10596639626658982,0.0,0.0,78.25286030252252,119.27436600763875,0.06210544468454168,0.06210544468454168,0.0,0.0,78.01519485248532,78.01519485248532,0.030958410655748145,0.030958410655748145,57.421047614467895,0.08544798752152961,138.94342599857146,207.69320722990943,0.2922090381146419,0.20676105059311228,0.9054054054054054
76,0.0,0.0,1.1932349940630786,1.1932349940630786,0.009588495488006882,0.004794247744003441,6.9550040668888276,0.017939494616975152,65.5040034711017,72.45900753799053,0.18689823372894382,0.16895873911196868,23.655153265817955,0.0539750520946243,37.529671499063895,59.57953520092408,0.1396082311103455,0.08563317901572119,0.0,0.0,73.72703223398328,89.99229492850108,0.05119932794026616,0.05119932794026616,0.0,0.0,0.0,0.0,0.0,0.0,151.26706001776301,0.3451530139294196,181.03136209819897,332.29842211596196,0.7582206060185641,0.41306759208914445,0.9012345679012346
77,0.0,0.0,1.5292864254345753,1.5292864254345753,0.012440623698971745,0.006220311849485872,28.718748616865884,0.0826233839175705,73.80882983850475,102.52757845537063,0.29497021579422106,0.21234683187665057,20.176493689267488,0.048039270688732115,38.55408000400316,61.09942249112752,0.13983469926969203,0.09179542858095992,0.0,0.0,95.81851843931996,104.30914389558642,0.09505805400726186,0.09505805400726186,0.0,0.0,110.36588145274192,110.36588145274192,0.021897992351734508,0.021897992351734508,15.925534375998268,0.025278625993648045,117.90944053287032,133.8349749088686,0.2124364681093152,0.1871578421156672,0.926829268292683
78,0.0,0.0,1.5002802483493816,1.5002802483493816,0.01220466075046124,0.00610233037523062,9.241784912771047,0.019253718568273015,66.64927880530897,75.89106371808002,0.15810638274600003,0.13885266417772704,14.999376372006758,0.04910510121787926,45.00036974959768,59.99974612160444,0.19642774027906215,0.14732263906118287,0.0,0.0,157.4258423286272,190.9478976851145,0.0780882154407873,0.0780882154407873,0.0,0.0,111.72337338423138,111.72337338423138,0.0332510039834022,0.0332510039834022,96.15502729714919,0.17170540588776642,230.33044370366326,326.4854710008124,0.583009769644308,0.4113043637565415,0.9390243902439024
79,0.0,0.0,1.6860757649266476,1.6860757649266476,0.014552439637759757,0.007276219818879878,15.93243870432648,0.04583737325649483,62.03530146073102,77.9677401650575,0.2243119508716932,0.17847457761519836,18.851056796409463,0.04488346856287967,41.8528143353978,62.16590184675067,0.144533026504303,0.09964955794142333,0.0,0.0,102.94511000781604,111.01615286493166,0.05106404266260716,0.05106404266260716,0.0,0.0,0.0,0.0,0.0,0.0,53.364739319982796,0.1482353869999522,166.00401907554402,219.36875839552684,0.6093576622097968,0.4611222752098445,0.9425287356321839
80,0.0,0.0,1.3868603035037816,1.3868603035037816,0.013208193366702682,0.006604096683351341,0.5698369182182432,0.0013002231268868646,49.26639355876427,49.836230476982514,0.1137136211280355,0.11241339800114863,2.671218352925461,0.00715504915962177,39.18298820266468,41.85420655559014,0.11210948184533075,0.10495443268570896,0.0,0.0,66.8890385325631,73.65351883407084,0.05308653851790723,0.05308653851790723,0.0,0.0,74.4626143001478,74.4626143001478,0.03693582058539077,0.03693582058539077,277.60177483743456,0.8812754756743955,201.7009285346554,481.5009250325757,1.5215958837209205,0.640320408046525,0.9479166666666666
81,0.0,0.0,1.3398372358738173,1.3398372358738173,0.012228673184562618,0.006114336592281309,8.936233282200146,0.026595932387500434,64.22390309587165,73.16013637807181,0.21773850112521367,0.19114256873771324,19.8498509179282,0.03938462483715913,50.03309796113325,72.98344001753576,0.1386566446013124,0.09927201976415327,0.0,0.0,71.42628825545621,109.39280539684665,0.07085941295184148,0.07085941295184148,0.0,0.0,79.57720925212212,79.57720925212212,0.06315651527946199,0.06315651527946199,160.22578644832362,0.3496991370895952,262.4585204803416,438.61411880347873,0.9225252730585948,0.5728261359689995,0.8478260869565217
82,0.0,0.0,1.4195735682255541,1.4195735682255541,0.01633636249148455,0.008168181245742276,12.749872012904852,0.04047578416795191,57.33131623620736,70.0811882491122,0.22247996269559434,0.1820041785276424,7.7651617150303975,0.02619201372133269,46.6181664627714,55.48946465902932,0.18343582917115686,0.15724381544982416,2.153653891591072,0.002563873680465562,73.26251914557265,76.49316335639062,0.08978115837757586,0.08721728469711029,2.6814284778442925,0.0023941325695038328,99.98351644281959,102.66494492066388,0.0916651293934499,0.08927099682394606,40.274743739598335,0.11586979845717776,145.64183574293705,189.74603208207694,0.5348790481144371,0.41900924965725933,0.8793103448275862
83,0.0,0.0,2.0830966013872483,2.0830966013872483,0.014879261438480344,0.007439630719240172,5.440854336535674,0.010255578610533512,60.00632041866596,65.44717475520163,0.1233627301933364,0.11310715158280289,9.040050012313426,0.023317589317475105,49.67922584228621,60.74540077963761,0.15145844962495938,0.12814086030748428,0.0,0.0,62.949514150300736,73.91308106806244,0.049959931865318045,0.049959931865318045,0.0,0.0,122.65270399177882,122.65270399177882,0.024335853966622783,0.024335853966622783,44.50837396341737,0.07064821264034503,140.02210258259055,184.53047654600792,0.2929055183269967,0.22225730568665167,0.9166666666666666
84,0.0,0.0,1.712118724699243,1.712118724699243,0.013078684702563662,0.006539342351281831,3.420551277595299,0.006108127281420176,69.14395275003766,72.56450402763295,0.129579471477916,0.12347134419649582,4.515574582800123,0.012095289061071757,41.62308626808931,47.96542304571298,0.12358569870773954,0.11149040964666779,0.0,0.0,76.14687628495955,72.79136411675626,0.07554253599698367,0.07554253599698367,0.0,0.0,63.35657647873438,63.35657647873438,0.006285374650668094,0.006285374650668094,26.21078557554797,0.05200552693561105,150.92965934923194,186.44208363350597,0.3514691367555157,0.29946360981990466,0.922077922077922
85,0.0,0.0,1.5356616287287335,1.5356616287287335,0.012644832855603657,0.006322416427801829,6.798820532035705,0.013489723277848621,63.51785991504878,70.31668044708448,0.13951722310929462,0.12602749983144598,9.78646330676469,0.02233022381503848,45.77971698949747,57.45188607362959,0.12678791139028073,0.10445768757524225,0.0,0.0,112.85473755683724,145.2700023125561,0.15674269105116284,0.15674269105116284,0.0,0.0,87.11451481019111,87.11451481019111,0.034569251908806,0.034569251908806,42.521722768431076,0.0885869224342314,176.00092217294687,227.1375447188931,0.45525551029453737,0.366668587860306,0.9036144578313253
86,0.0,0.0,1.5922312706576112,1.5922312706576112,0.016269823499775193,0.008134911749887596,15.49748386352232,0.050735810267483784,66.39610270288566,81.89358656640798,0.2681040036400261,0.21736819337254235,33.836584301558965,0.08056329595609277,38.34979669497324,83.23505604708676,0.17187233570602908,0.0913090397499363,0.6439263480939644,0.0006388158215217901,66.42931606190835,70.56759766592133,0.06654091508928801,0.06590209926776623,0.0,0.0,78.20543166215494,78.20543166215494,0.054309327543163144,0.054309327543163144,152.3355478010565,0.43826695299907126,203.26734555582868,358.87598599351236,1.0230638796973879,0.5847969266983166,0.883495145631068
87,0.0,0.0,1.3868519964025727,1.3868519964025727,0.012107438063831985,0.006053719031915992,7.997838027365366,0.016662162557011178,66.65154868925065,74.64938671661601,0.1555195556596167,0.1388573931026055,17.22994700427773,0.04273300348283167,41.78291720433694,61.18564225301614,0.14636127035866733,0.10362826687583565,0.0,0.0,90.89199837775223,119.356022447862,0.14427301329801942,0.14427301329801942,0.0,0.0,53.09113656655648,53.09113656655648,0.02106791133593511,0.02106791133593511,87.24664251322687,0.19041925945347135,184.81296184877644,276.11141436526316,0.5937808825361184,0.40336162308264695,0.875
88,0.0,0.0,1.8318779178888946,1.8318779178888946,0.0163560528382937,0.00817802641914685,8.732649869275154,0.02425736074798654,58.17978265360756,66.91243252288271,0.18586786811911865,0.1616105073711321,12.69859849245984,0.036533666297751524,49.04852157827086,65.56147098130187,0.17764548433047522,0.1411118180327237,0.0,0.0,59.036645804782424,73.04125358750325,0.02928405049840398,0.02928405049840398,0.0,0.0,35.4293049778362,35.4293049778362,0.0070296240035389295,0.0070296240035389295,76.45345020111623,0.19720135964573632,173.1203980368717,258.2174677205963,0.643742068867826,0.4465407092220897,0.9333333333333333
89,0.0,0.0,1.4396137738345374,1.4396137738345374,0.011282687314774649,0.005641343657387324,0.21036577525003286,0.0004382620317709018,63.80653916509779,64.01690494034781,0.13336855195905795,0.13293028992728706,21.954362395776137,0.06316235213070515,47.35552546753929,70.42224489027315,0.19940344722580824,0.13624109509510313,0.0,0.0,93.88115371602979,109.59919095912767,0.0651952456361318,0.0651952456361318,0.0,0.0,66.10100788376718,66.10100788376718,0.019672919013025945,0.019672919013025945,138.38942076874136,0.2608530748617149,192.7148622076243,331.10428297636565,0.6241052952927528,0.36325222043103783,0.9367088607594937
90,0.0,0.0,1.5171664486517655,1.5171664486517655,0.013847154094837541,0.0069235770474187705,4.082517796197019,0.010125292153266416,59.460340073153745,63.542857869350776,0.15759637368390567,0.14747108153063926,8.994530413637783,0.025877121229711874,42.884517599020064,51.341355208296136,0.14925519765546405,0.12337807642575217,0.0,0.0,53.78432324839474,61.29356999183585,0.06402895624808898,0.06402895624808898,0.0,0.0,0.0,0.0,0.0,0.0,83.7749343859508,0.20777513488579066,177.15899893972917,260.93393332567996,0.6471575727323412,0.4393824378465505,0.9347826086956522
91,0.003714444546629009,4.0903109590855153e-05,1.3445961527935888,1.3483105973402176,0.014847467887377399,0.0074032823888932715,5.229451559582437,0.01712022832006155,50.64836462613117,55.877816185713606,0.18293332679846716,0.1658130984784056,20.611882806204786,0.07156903752154439,46.1638797567796,66.5861957365142,0.23186028667702913,0.1602912491554847,0.6812792816461463,0.0007434595335424214,60.84701012578558,90.84928129484777,0.06714396661525288,0.06640050708171046,0.0,0.0,84.8411015999191,84.8411015999191,0.06733420761898341,0.06733420761898341,309.9137725944784,0.7071445208008933,231.96998203350432,525.5508664938937,1.23644110679004,0.5292965859891468,0.8738738738738738
92,0.0,0.0,1.3146854486564925,1.3146854486564925,0.01173826293443297,0.005869131467216485,28.199555948195517,0.06434422488179532,59.1429675835092,87.34252353170471,0.19929345647115163,0.13494923158935632,10.550841255012651,0.031401313258966224,41.35844773174675,53.58765073800008,0.1544919315082125,0.12309061824924628,0.0,0.0,66.08155631591978,70.18076897104362,0.0852242293756902,0.0852242293756902,0.0,0.0,160.8050031218868,160.8050031218868,0.04785863188151393,0.04785863188151393,34.606201556509966,0.0720962532427291,164.3970618735692,198.812720516549,0.41459013214599827,0.3424938789032692,0.8888888888888888
93,0.0,0.0,1.3969748337913068,1.3969748337913068,0.012750167133809547,0.006375083566904773,5.722145950030993,0.017030196279854144,61.65279525705829,67.37494120708928,0.2005206583544324,0.18349046207457823,13.67366682232485,0.02984332044555027,41.469466484678236,57.7877000844614,0.12035207666210992,0.09050875621655964,0.0,0.0,97.37628836524662,120.82844634232895,0.07728276854384653,0.07728276854384653,0.0,0.0,95.40309338046687,95.40309338046687,0.06625214818087977,0.06625214818087977,120.73990419278219,0.2874759623637671,195.21998891858252,329.17896425096063,0.7522854597889636,0.46480949742519645,0.8804347826086957
94,0.0,0.0,1.6988369153101466,1.6988369153101466,0.015505257560370385,0.007752628780185193,0.33710454920415084,0.0007357440558027102,50.21959319735566,50.55669774655982,0.11034199905003132,0.10960625499422862,4.3234030754439425,0.01243836202260658,42.78265320210344,49.0729006652397,0.1355233761953248,0.12308501417271824,0.0,0.0,80.26007375763322,73.45895379906509,0.08758539794979815,0.08758539794979815,0.0,0.0,64.32003680853468,64.32003680853468,0.019142868097778182,0.019142868097778182,104.94606903976344,0.23946027657882532,214.25717353485928,325.2443780545254,0.7283407320651114,0.48888045548628606,0.8369565217391305
95,0.0,0.0,1.567466343125195,1.567466343125195,0.014150737819880231,0.007075368909940116,3.342170961208543,0.007957549907639387,66.91225239785341,70.25442335906195,0.16727243656919513,0.15931488666155574,11.235784006460669,0.03343983335256152,43.66826844684041,59.87348656377074,0.163404918015777,0.1299650846632155,0.0,0.0,119.56034428669042,138.60538664540778,0.10675030739883073,0.10675030739883073,0.0,0.0,167.74452820790324,167.74452820790324,0.08320661121423772,0.08320661121423772,169.59279182600784,0.3701429980329536,214.5425171011105,357.0597713217653,0.8383905551980758,0.4682475571651221,0.8681318681318682
96,0.0,0.0,1.5341279339440932,1.5341279339440932,0.015828304080375565,0.007914152040187783,0.22610891800472643,0.0007178060889038934,61.8953958583134,62.121504776318126,0.1972111262740258,0.19649332018512192,12.623003013707752,0.036316179305310003,42.60314196353785,60.66833149927577,0.1588847424940598,0.12256856318874977,0.0,0.0,35.49468423177341,51.086263887525234,0.038734278427530515,0.038734278427530515,0.0,0.0,48.92709384420729,48.92709384420729,0.019415513430240987,0.019415513430240987,23.748665879453863,0.06361249789139427,165.36221257669152,201.16814562365514,0.5065469958646751,0.4429344979732809,0.8269230769230769
97,0.0,0.0,1.3016374171685055,1.3016374171685055,0.009168279426484512,0.004584139713242256,2.446542848548736,0.004611539099447022,61.954481182487996,64.40102403103673,0.12139081910612082,0.1167792800066738,12.44684368792764,0.018522088821320892,35.00686080287268,41.872874610747125,0.07061563168273857,0.05209354286141768,0.0,0.0,85.77517288111541,96.92136500469636,0.11062274280302584,0.11062274280302584,0.0,0.0,39.72606974236988,39.72606974236988,0.011823235042371988,0.011823235042371988,67.75520763611907,0.13443493578595053,196.33326295161567,285.37080906434926,0.5239850606899499,0.3895501249039993,0.8732394366197183
98,0.0,0.0,1.4177834110012684,1.4177834110012684,0.009142452551099448,0.004571226275549724,7.416717819607736,0.013244138963585242,58.10596309255823,65.52268091216597,0.1170047873431535,0.10376064837956826,13.154996348515317,0.026101183231181185,45.29159554968012,59.42518241058951,0.11596546011546713,0.08986427688428596,0.0,0.0,109.34067345961071,104.27683582725672,0.08677831226953231,0.08677831226953231,0.0,0.0,62.18156245859507,62.18156245859507,0.012337611598927593,0.012337611598927593,44.28486165548196,0.07029343119917772,209.735376213605,220.98929278774372,0.4032067267763285,0.3329132955771508,0.8923076923076924
99,0.0,0.0,1.44306137124058,1.44306137124058,0.013170798229576721,0.006585399114788361,13.457176419940733,0.033375933581202215,56.34794536466442,69.80512178460515,0.17312778220388184,0.13975184862267961,12.313233933404224,0.028095672665505667,39.19553849780978,51.508772431214005,0.11752993709503193,0.08943426442952628,0.0,0.0,61.49338258110937,52.12121932817128,0.05490480587599051,0.05490480587599051,0.0,0.0,76.34307381244716,76.34307381244716,0.022721152920371177,0.022721152920371177,519.6464347876645,1.5981189958747617,280.12263495883946,831.6443628068754,2.4596072581489707,0.8614882622742086,0.9130434782608695
100,0.0,0.0,1.4003285306671442,1.4003285306671442,0.012641854790745052,0.006320927395372526,22.585390608701942,0.06049658198759449,76.47163360897956,99.05702421768149,0.2653313148687897,0.20483473288119525,46.89429252914434,0.12560971213163663,50.010691701836315,103.10418525430556,0.2595669220472696,0.13395720991563298,0.0,0.0,79.96660364118154,125.87453675099017,0.07139875325105495,0.07139875325105495,0.0,0.0,40.96992696992427,40.96992696992427,0.016257907527747726,0.016257907527747726,181.41208758739765,0.4319335418747563,218.3861605067773,418.49199936693543,0.9519005907004164,0.5199670488256602,0.8681318681318682
101,0.0,0.0,1.2926290148108788,1.2926290148108788,0.012054278511133196,0.006027139255566598,2.638410326638509,0.0070671705177817205,59.50403897471391,62.142449301352414,0.1664529892000511,0.1593858186822694,13.201354029944431,0.03928974413673938,40.85292736984548,58.822671394512255,0.16087583749937473,0.12158609336263536,0.0,0.0,107.20133519929124,108.95462873674131,0.09571547785651004,0.09571547785651004,0.0,0.0,75.32099404496114,75.32099404496114,0.029889283351175057,0.029889283351175057,85.34022012866701,0.19472470862691876,154.31774116344263,237.01152412814784,0.5468386021546153,0.3521138935276965,0.8829787234042553
102,0.0,0.0,1.7250287475789403,1.7250287475789403,0.017284514236654065,0.008642257118327033,2.972476531754607,0.008846656344507759,56.59001400989328,59.56249054164789,0.17726931708823776,0.16842266074373,7.944290614429206,0.03231308682456324,47.14623466030273,58.326147955931646,0.2240785254230168,0.19176543859845357,0.720959544714257,0.0006437138792091581,96.89354019143731,76.53954236058367,0.08715580333584962,0.08651208945664045,0.0,0.0,102.42583107617122,102.42583107617122,0.020322585530986353,0.020322585530986353,107.36763630698114,0.2023794731976827,170.08940443995922,277.4570407469404,0.5229845014079233,0.3206050282102406,0.900990099009901
103,0.0,0.0,1.5482664564042932,1.5482664564042932,0.015359786273852115,0.0076798931369260574,7.210396178328006,0.020744195354316684,56.45090492470855,63.66130110303657,0.18315255277659329,0.1624083574222766,10.238277594934145,0.027423957843573602,43.85916761162302,57.67377400408339,0.14490387108899241,0.1174799132454188,4.537126506760776,0.005851452836100207,89.685071024725,92.07622481894161,0.12151672300687649,0.1156652701707763,55.53857568687166,0.03305867600409027,177.6214740758348,233.16004976270645,0.13878574390637288,0.10572706790228262,197.2626414795834,0.4892426623997604,171.36025676863272,383.7593963791791,0.9142432992267264,0.42500063682696604,0.9
104,0.0,0.0,1.519938902037042,1.519938902037042,0.013872458232877765,0.006936229116438882,24.963250106871687,0.08915446466739889,68.34772575117282,93.31097585804451,0.3332534852073018,0.2440990205399029,24.717234324290576,0.058850557914977564,38.41995296701534,65.34899910670264,0.15032663640787122,0.09147607849289366,0.0,0.0,115.22315995416982,153.72645686018535,0.057154345215362015,0.057154345215362015,0.0,0.0,145.3762482682625,145.3762482682625,0.07211123426005084,0.07211123426005084,40.58452538009287,0.08455109454186015,123.51122152750919,164.09574690760206,0.3418661393908376,0.2573150448489775,0.9456521739130435
105,0.0,0.0,1.64912704346069,1.64912704346069,0.013251913742094829,0.0066259568710474144,2.3599174601957635,0.005384732300049858,54.33321102938046,56.69312848957622,0.12935932095835845,0.12397458865830858,4.936941883843406,0.009795519610800408,47.04628214039982,52.70227353203252,0.1031413175084191,0.09334579789761868,0.0,0.0,81.08969778755213,92.08793517761426,0.0884907416332414,0.0884907416332414,0.0,0.0,105.29920156530392,105.29920156530392,0.03133904808491188,0.03133904808491188,42.36268854569959,0.09666089648324312,131.98937950734225,177.18280440144304,0.3978271394067423,0.3011662429234992,0.8765432098765432
106,0.0,0.0,1.5804432306661598,1.5804432306661598,0.015051840292058664,0.007525920146029332,2.446931531247711,0.005340525167405718,55.83078331442138,58.27771484566909,0.12719342525840477,0.12185290009099904,12.383843065781019,0.04177089922981692,52.4926978023383,66.81449743751008,0.21882960213452946,0.1770587029047125,0.0,0.0,105.26496152292546,100.2707910831698,0.07310066772425379,0.07310066772425379,0.0,0.0,103.00314778959816,103.00314778959816,0.08174852999174458,0.08174852999174458,55.70689644238255,0.13263546771995846,203.75776081633708,258.67431588965894,0.617772993473142,0.48513752575318353,0.90625
107,0.0,0.0,1.2416026164423362,1.2416026164423362,0.009730814156641326,0.004865407078320663,4.352651931969553,0.011658889103489873,55.56566728796806,59.918319219937615,0.16049549791054718,0.14883660880705732,4.968790896983289,0.010351647702048519,43.37681934386651,48.345610240849794,0.10072002133510374,0.09036837363305522,5.0244530548581805,0.003489203510318181,72.8362956109755,93.83716892550449,0.054069964351273384,0.050580760840955204,0.0,0.0,44.195803004841764,44.195803004841764,0.0175380170654134,0.0175380170654134,28.728502070097278,0.05415094636228653,145.64396531163572,174.372467381733,0.3286782619298539,0.2745273155675673,0.9620253164556962
108,0.0,0.0,1.6405223947443945,1.6405223947443945,0.014810271619220229,0.007405135809610114,7.508618073772846,0.021602175013830608,68.46020136708263,75.96881944085548,0.21856108767706436,0.19695891266323376,7.981926140664882,0.019796443801252187,42.02277926618362,58.77521016265498,0.12401960666381076,0.10422316286255857,0.0,0.0,75.26601788147131,76.29993116452026,0.0672018016798851,0.0672018016798851,0.0,0.0,80.66682360625404,80.66682360625404,0.040013305360245055,0.040013305360245055,133.89331867095075,0.3055105485547487,226.91020314859605,394.0425761249259,0.8232620041517438,0.517751455596995,0.8791208791208791
109,0.0,0.0,1.4754311857175735,1.4754311857175735,0.013319864871061427,0.006659932435530713,5.792344152815569,0.017813756819174867,55.928027853528725,61.7203720063443,0.18981463613062233,0.17200087931144747,8.65079940459383,0.019738927212862908,35.31364381953028,44.160206750767784,0.10031569386456889,0.08057676665170599,0.0,0.0,88.2842623311778,95.54967590493185,0.07006687486601412,0.07006687486601412,0.0,0.0,59.888569526196044,59.888569526196044,0.03564795805130717,0.03564795805130717,105.23579127050517,0.22968129047134067,175.27701996174454,281.05037900422093,0.6122303419751483,0.3825490515038075,0.8901098901098901
110,0.0,0.0,1.2961720853146923,1.2961720853146923,0.011444376546925358,0.005722188273462679,16.857402644726466,0.046826118457573514,73.91953137899792,90.77693402372438,0.25215815006590103,0.20533203160832755,25.282931913044724,0.06019745693582077,45.8463189330463,79.15789318937965,0.16935535915735958,0.10915790222153882,0.0,0.0,91.37195825990901,126.91326345453788,0.06345274879160348,0.06345274879160348,0.0,0.0,114.82762274898832,114.82762274898832,0.05695814620485532,0.05695814620485532,224.7410059904604,0.5573933680318959,179.58369826223318,434.17531439607757,1.0027894450711647,0.4453960770392688,0.8764044943820225
111,0.0,0.0,1.547092771533929,1.547092771533929,0.013045921188530157,0.0065229605942650785,7.10836104464446,0.018335058250074997,56.93957357818333,64.0479346228278,0.1652030059715796,0.14686794772150463,5.262690458921444,0.00887556922635561,38.75550336189732,43.93492134488899,0.07423703322955545,0.06536146400319985,0.0,0.0,68.53810790275531,46.7717556905851,0.061194739198888674,0.061194739198888674,0.0,0.0,56.647598508779865,56.647598508779865,0.011239602878726164,0.011239602878726164,102.92386881462627,0.30632103813876865,185.3055827276152,297.71668682928816,0.8578257486376233,0.5515047104988547,0.8823529411764706
112,0.0,0.0,1.603777239096528,1.603777239096528,0.014955859174114447,0.0074779295870572235,7.1067133023660425,0.025381118937021583,57.14271414105739,64.24942744342343,0.2294622408693694,0.20408112193234784,11.247132985522688,0.026778888060768304,47.85568645839114,63.8407164877341,0.14072099867598528,0.113942110615217,0.0,0.0,75.80593847703436,81.86053805632852,0.09024516485361234,0.09024516485361234,0.0,0.0,153.0189597927128,153.0189597927128,0.07590226180194087,0.07590226180194087,55.63838452890281,0.09383457708247499,114.12489971754358,172.24712407135652,0.2863071262092846,0.1924725491268096,0.851063829787234
113,0.0,0.0,1.7211920576607578,1.7211920576607578,0.011781969442320664,0.005890984721160332,0.3964779636398248,0.0006293301010155949,56.872749248293005,57.26922721193283,0.09090353525703623,0.09027420515602064,8.6461354785973,0.018870533782652833,50.48224924405551,59.128384722652804,0.12905004602166287,0.11017951223901004,0.0,0.0,45.135948146238626,58.55512469913024,0.03582218106844336,0.03582218106844336,0.0,0.0,75.88949702237174,75.88949702237174,0.022586159828086826,0.022586159828086826,46.75411726570801,0.08348949511733574,222.51371532281692,283.4272759017854,0.48083541533665164,0.397345920219316,0.8985507246376812
114,0.0,0.0,1.3425411545891182,1.3425411545891182,0.010921465741697192,0.005460732870848596,0.0,0.0,55.030893484033776,55.030893484033776,0.0982694526500603,0.0982694526500603,3.652408909937094,0.010870264612908017,40.681324393676526,47.012048042225835,0.13194563483218338,0.12107537021927538,0.0,0.0,56.22357145279123,85.67050678620545,0.0501996173685636,0.0501996173685636,0.0,0.0,129.02320427320072,129.02320427320072,0.038399763176547835,0.038399763176547835,124.14413106462459,0.25863360638463456,162.97109933689924,287.11523040152383,0.5981567300031747,0.3395231236185401,0.9146341463414634
115,0.0,0.0,1.760770399612204,1.760770399612204,0.013625009044618244,0.006812504522309122,3.6768352540923903,0.008024838848217518,67.46534972727426,71.14218498136665,0.15527064182441136,0.14724580297619383,10.483353427710298,0.026000380525075147,44.133039680100765,56.19349015339606,0.13545732417611872,0.10945694365104357,0.0,0.0,111.81717611561007,248.3381934873222,0.07765081674695143,0.07765081674695143,0.0,0.0,72.80194427818878,72.80194427818878,0.014444830213926346,0.014444830213926346,54.174400721810876,0.11286333483710599,165.0343313245578,219.20873204636868,0.4566848584299348,0.34382152359282875,0.8974358974358975
116,0.0,0.0,1.5491851259612985,1.5491851259612985,0.013985699053817278,0.006992849526908639,6.963384681369378,0.020724359170742196,58.10910132317464,65.07248600454402,0.19366811310876197,0.17294375393801978,2.6298706990177463,0.005739797160554605,52.16788035762857,54.79775105664632,0.1195982661950614,0.1138584690345068,0.0,0.0,52.45615200218469,44.361727808623115,0.031223900001300407,0.031223900001300407,0.0,0.0,60.74482974380934,60.74482974380934,0.02410509116817831,0.02410509116817831,157.837147603744,0.45409496830442225,239.13239445149605,412.4230770419428,1.1420750713890835,0.6879801030846613,0.945054945054945
117,0.0,0.0,1.3314751609597717,1.3314751609597717,0.012680715818664492,0.006340357909332246,0.0,0.0,58.925965291246,58.925965291246,0.20460404615015973,0.20460404615015973,6.784395105117028,0.01884554195865841,42.6533179017398,54.478717837736106,0.1373269805746023,0.11848143861594387,0.0,0.0,79.63469688410214,81.63198350272977,0.05530187283618204,0.05530187283618204,0.0,0.0,55.37494246948464,55.37494246948464,0.03296127527945514,0.03296127527945514,18.409465434235145,0.03287404541827704,175.23494692833575,183.74152405165464,0.3457935935045909,0.31291954808631384,0.8541666666666666
118,0.0,0.0,1.6104461929206548,1.6104461929206548,0.0151778163023276,0.0075889081511638,4.326211957816826,0.009871316967240773,50.354163652527134,54.680375610343965,0.12476673006328484,0.11489541309604406,8.654365284224122,0.0214641996136511,42.51493817785504,51.1591806260339,0.126907994697617,0.1054437950839659,0.3634671637622887,0.0003605825037324293,78.90313169174081,76.15235642544401,0.0786374988645864,0.07827691636085397,0.0,0.0,126.16060080496239,126.16060080496239,0.03754779785861976,0.03754779785861976,65.87739257867952,0.21567003522781986,179.33306524015612,241.9616739088798,0.8027723321449977,0.5871022969171777,0.9263157894736842
119,0.0,0.0,1.2794389880276875,1.2794389880276875,0.010281206153793918,0.005140603076896959,4.3162702306672776,0.012417840941403873,59.28479883500653,63.601069065673805,0.18297926616116472,0.17056142521976084,4.422781868725979,0.01096920106330848,37.241452451202846,42.43967886592621,0.10333391448395046,0.09236471342064198,0.0,0.0,64.21253716991802,66.0464627912803,0.04459203970133196,0.04459203970133196,0.0,0.0,53.14304485620239,53.14304485620239,0.031632764795358564,0.031632764795358564,26.67835770194038,0.037053274586028306,155.1255469791997,181.80390468114007,0.2525054231682501,0.2154521485822218,0.9629629629629629
120,0.0,0.0,1.25297332113821,1.25297332113821,0.008452597801329193,0.004226298900664597,6.611355964590075,0.013117769771012054,58.025848137115226,64.6372041017053,0.12824842083671686,0.1151306510657048,1.454971632696643,0.00303119090145134,54.772989380191056,56.18764053011117,0.11714158544351604,0.1141103945420647,0.0,0.0,74.96054082308643,119.3622731898668,0.06692905430632716,0.06692905430632716,0.0,0.0,28.776826625453182,28.776826625453182,0.0028548439112552762,0.0028548439112552762,59.77162034488022,0.09487558784901622,215.833422819832,275.60504316471224,0.43746832248367024,0.342592734634654,0.8529411764705882
121,0.0,0.0,1.4712499521167515,1.4712499521167515,0.012552330940678633,0.006276165470339316,2.6761628853218573,0.005575339344420537,59.742452650739835,62.418615536061694,0.1300387823667952,0.12446344302237465,11.187984299476346,0.026638057855896062,45.95536679259027,57.88789217746912,0.13605559783825383,0.10941753998235779,1.224178250738267,0.001457355060402699,77.86384028237606,89.79393716573982,0.0941524030156123,0.0926950479552096,0.0,0.0,118.3501879651615,118.3501879651615,0.09392872060727103,0.09392872060727103,77.69169853528349,0.16185770528184062,177.07198441346108,246.61928530855994,0.5307576728098846,0.36889996752804394,0.8953488372093024
122,0.0,0.0,1.8050493240815928,1.8050493240815928,0.01683280123647517,0.008416400618237585,0.3639369995598036,0.0008304118045511391,64.55721001968189,64.9211470192417,0.14813356958755544,0.14730315778300432,6.360736696507812,0.020823840375472004,48.167190405539394,57.23134407751202,0.1785140470602736,0.1576902066848016,0.0,0.0,119.7790623135899,121.61657875314528,0.11882843483491062,0.11882843483491062,0.0,0.0,64.42895927706793,64.42895927706793,0.019175285499127358,0.019175285499127358,46.3319377470863,0.1149105598886069,132.65736154945972,186.15256998532226,0.44392187325532245,0.3290113133667156,0.9042553191489362
123,0.0,0.0,1.7053777767078293,1.7053777767078293,0.011166164014158406,0.005583082007079203,5.008134471228414,0.009936774744500821,66.50611181346356,71.51424628469198,0.14189334580296029,0.13195657105845945,12.276501940743053,0.018268604078486687,46.6866536747956,58.96315561553865,0.08774279109455156,0.06947418701606488,0.0,0.0,67.32731236992909,71.70156425827261,0.05343437489676912,0.05343437489676912,0.0,0.0,204.34888259996256,204.34888259996256,0.020272706607139142,0.020272706607139142,12.636139975750579,0.02632529161614704,129.27721892626454,141.91335890201512,0.2956528310458649,0.2693275394297178,0.9393939393939394
124,0.0,0.0,1.252166539382047,1.252166539382047,0.011055835516369265,0.0055279177581846325,5.275235211869549,0.013083420664359,59.64897189153996,64.92420710340951,0.16102233904615454,0.14793891838179554,15.970095766011237,0.04594571202523074,44.76110343354271,61.7479162676613,0.17472269610982782,0.1287769840845971,0.0,0.0,53.91572197185779,75.6735938280385,0.03744147359156791,0.03744147359156791,0.0,0.0,64.58528022819658,64.58528022819658,0.019221809591725172,0.019221809591725172,85.75673257954679,0.20418269661796856,125.0817405938384,210.83847317338518,0.5019963646985361,0.29781366808056764,0.9325842696629213
125,0.0,0.0,1.4583934379037564,1.4583934379037564,0.012587324315240754,0.006293662157620377,9.809225679536894,0.02432843670520063,62.3233610181392,72.1325866976761,0.17890026462717287,0.15457182792197224,5.386762839698107,0.008016016130503135,33.12959631404928,41.61562512777901,0.05731601064545743,0.04929999451495429,0.0,0.0,83.68106737622412,97.74157637743893,0.14112878426545733,0.14112878426545733,0.0,0.0,91.90031387477572,91.90031387477572,0.0455854731521705,0.0455854731521705,32.421596468099104,0.08041070552603943,171.87783131854948,206.3050781886312,0.5066950093914895,0.4262843038654501,0.896551724137931
126,0.0,0.0,1.5570252547724437,1.5570252547724437,0.011276075753808372,0.005638037876904186,8.499405744500466,0.023609460401390184,63.060922558162,71.56032830266246,0.19877868972961796,0.17516922932822776,22.945399477760226,0.050079244891937005,44.63332892030028,73.29520343078418,0.14749325642433841,0.09741401153240141,0.0,0.0,77.75063458793625,126.95239304154727,0.046280139635676336,0.046280139635676336,0.0,0.0,43.861704521688274,43.861704521688274,0.013054078726692939,0.013054078726692939,11.718285600793545,0.01627539666776881,200.62277291905508,211.1959599455879,0.2949181368331231,0.2786427401653543,0.863013698630137
127,0.0,0.0,1.575895888509726,1.575895888509726,0.013132465737581051,0.006566232868790526,4.307436432564799,0.007691850772437141,70.47769871666405,74.78513514922885,0.1335448841950515,0.12585303342261436,13.60084027806242,0.03778011188350672,42.126293078506684,52.16436557834121,0.15479759265713638,0.11701748077362967,0.0,0.0,88.28088324557137,102.2584761731609,0.09633826544655606,0.09633826544655606,0.0,0.0,58.69221260387179,58.69221260387179,0.017467920417818986,0.017467920417818986,85.29858726113223,0.19462971299663107,161.81381938865027,247.1124066497825,0.5638477532683529,0.3692180402717219,0.9047619047619048
128,0.0,0.0,1.40544897498222,1.40544897498222,0.015058381874809502,0.007529190937404751,17.092382046166733,0.05595720312733156,69.0095203283358,86.10190237450253,0.28188122801176424,0.22592402488443267,11.036608673480377,0.02956234466110815,38.17193014161234,50.26820913646739,0.1318085861118555,0.10224624145074734,2.950550972209476,0.002927133901001464,67.64375381328111,87.14592718377237,0.07003403252528827,0.06710689862428681,3.617975570948329,0.0035892614791154056,116.32334963426698,119.94132520521529,0.11898940992580882,0.11540014844669343,104.276926902811,0.27931319706110086,178.12456083181522,291.6620524166895,0.7564325564320344,0.47711935937093364,0.9259259259259259
129,0.0,0.0,1.5018129123331467,1.5018129123331467,0.013260054483893854,0.006630027241946927,8.309291984259348,0.02225703210069468,75.57236765026661,83.88165963452596,0.22468301687819456,0.20242598477749987,19.536065525488084,0.05039064520463196,43.605176502602276,71.03418064045557,0.162864314754995,0.11247366955036302,0.0,0.0,109.58661061217408,70.34359280153568,0.10871687560731556,0.10871687560731556,0.0,0.0,125.61513546560752,125.61513546560752,0.037385456983811766,0.037385456983811766,39.18672033121703,0.08163900069003548,172.38643571252152,208.73217598803538,0.4407774084244553,0.3591384077344198,0.8539325842696629
130,0.0,0.0,1.5339225683689175,1.5339225683689175,0.01369573721757962,0.00684786860878981,10.048437721950734,0.02691545818379661,63.29130609199927,73.33974381395,0.19644574235879464,0.16953028417499802,9.075609284666967,0.031512532238426975,42.472110012262334,52.694065957161556,0.1789851364476712,0.1474726042092442,0.0,0.0,107.98506953558501,107.98506953558501,0.010712804517419149,0.010712804517419149,0.0,0.0,66.44648350717294,66.44648350717294,0.03295956523173261,0.03295956523173261,94.38542939838423,0.1966363112466338,157.38579783131232,264.2722889882584,0.5245233900618678,0.327887078815234,0.9333333333333333
131,0.0,0.0,1.4159795425705246,1.4159795425705246,0.012783148648206125,0.006391574324103063,1.8565196936040569,0.0038677493616751184,51.62627825555802,53.48279794916208,0.111422495727421,0.10755474636574587,7.6014882411176465,0.024885824598897058,45.64496138956553,55.865711505907896,0.17431873390997468,0.1494329093110776,0.0,0.0,60.92095630458545,66.25147490811828,0.04230621965596212,0.04230621965596212,4.406068087367385,0.0021855496465115996,55.434348843453265,59.84041693082065,0.029682746493462624,0.027497196846951025,101.89075294267988,0.25270524043323384,180.43306292050954,291.64571514480065,0.7002078766448151,0.4475026362115812,0.945054945054945
132,0.0,0.0,1.6491736346651438,1.6491736346651438,0.015706415568239464,0.007853207784119732,0.0,0.0,63.15402339318312,63.15402339318312,0.15663200246325176,0.15663200246325176,10.066009559174308,0.03395281002102445,40.47837503610104,55.15748674308887,0.17048701153168275,0.1365342015106583,0.0,0.0,105.59800989370751,118.42950249323715,0.10475993045010666,0.10475993045010666,0.0,0.0,85.7127216573722,85.7127216573722,0.05952272337317514,0.05952272337317514,87.97010424143414,0.17454385762189312,223.83658022353492,287.882020185497,0.6186640564781132,0.4441201988562201,0.875
133,0.0,0.0,1.5838609965926223,1.5838609965926223,0.014613003242372408,0.007306501621186204,11.423803815504753,0.03286610224698788,64.54231560477844,75.9661194202832,0.2185533197607354,0.1856872175137475,30.08466385305828,0.07461474169905329,47.01492952573637,80.21776512906877,0.1912192296101058,0.1166044879110525,5.677850207725442,0.0045062303235916205,45.67675129129198,61.24071340027644,0.04075762023731541,0.03625138991372379,0.0,0.0,93.68505862372963,93.68505862372963,0.037176610564972075,0.037176610564972075,79.54089558606304,0.21305597031981174,170.13176491242268,241.51362662669544,0.6687660549066582,0.4557100845868465,0.9139784946236559
134,0.0,0.0,1.476380353190251,1.476380353190251,0.013035501134318684,0.006517750567159342,0.9735156700268135,0.002317894452444794,56.78645848030104,57.75997415032786,0.1375237479769711,0.1352058535245263,3.226482632611559,0.007682101506217998,48.707972493983355,51.35727342928781,0.12365346458713074,0.11597136308091274,0.0,0.0,72.60516110484994,76.31239880487269,0.07202892966750986,0.07202892966750986,0.0,0.0,71.55348253704832,71.55348253704832,0.03549279887750413,0.03549279887750413,190.11308034685547,0.4715106159396217,239.72951316484122,455.7585326461624,1.0660778608921049,0.5945672449524833,0.8651685393258427
135,0.0,0.0,1.537383196671087,1.537383196671087,0.0138791538588362,0.0069395769294181,15.247426424877819,0.043866603801731824,65.06937171390794,80.31679813878576,0.2310701533754749,0.1872035495737431,32.797408701836076,0.08134277951844264,39.028827542668125,71.06506530327229,0.1781404668762505,0.09679768735780786,0.0,0.0,79.44756946415906,66.08741138217539,0.11034384647799869,0.11034384647799869,0.0,0.0,113.3304358455191,113.3304358455191,0.03372929638259497,0.03372929638259497,56.840664926364596,0.11277909707612023,139.91771018118422,196.75837510754883,0.3903936014038667,0.2776145043277465,0.9120879120879121
136,0.0,0.0,1.4845291185973455,1.4845291185973455,0.012665625416604338,0.006332812708302169,11.462025599961544,0.022742114285637983,75.32163648767235,86.7836620876339,0.17218980572943235,0.14944769144379436,11.254000391573705,0.03014464390600099,42.828356901642216,54.08235729321592,0.1448634570353998,0.1147188131293988,0.0,0.0,43.763737143396575,49.06888758895683,0.026049843537736057,0.026049843537736057,0.0,0.0,35.123556207660314,35.123556207660314,0.006968959565011967,0.006968959565011967,201.12978165404067,0.5986005406370258,177.19932900425775,372.9796998489891,1.1259794960068406,0.5273789553698147,0.9534883720930233
137,0.0,0.0,1.5028768855072534,1.5028768855072534,0.012523974045893779,0.006261987022946889,7.722767142472965,0.018387540815411822,54.69787829221954,62.42064543469251,0.1486205843683155,0.13023304355290366,7.133821312493842,0.020523890680785854,41.13390849874269,51.235142642290846,0.13886549251248606,0.11834160183170021,2.8272248901113928,0.0014023932986663653,47.23468356589778,61.240742856508795,0.024832295861115662,0.023429902562449294,0.0,0.0,134.9022454491192,134.9022454491192,0.04014947781223785,0.04014947781223785,33.22637979879046,0.07251789241799506,132.67959054854035,160.14796077835743,0.36209636385330135,0.2895784714353063,0.9285714285714286
138,0.0,0.0,1.4523886433710205,1.4523886433710205,0.012535497219571309,0.006267748609785654,2.0208272812423136,0.005011972423716056,65.03328886571953,67.05411614696185,0.16630485155496488,0.16129287913124882,11.935522755037123,0.03670646879029274,36.8820841334858,53.87640928510137,0.1501335132484336,0.11342704445814085,0.0,0.0,88.33149564717141,90.05623970022884,0.08763045203092402,0.08763045203092402,0.0,0.0,142.437593595113,142.437593595113,0.05652285460123531,0.05652285460123531,21.751335326667792,0.036683799658070684,132.47175736590216,161.1838245018134,0.2600984698188184,0.2234146701607477,0.9195402298850575
139,0.01989226035850837,0.00013616725840645612,1.6945636116838263,1.7144558720423348,0.01173585864790884,0.005799845694751191,7.704775480977979,0.014522890291525951,54.63843086410384,62.34320634508182,0.11751199608695978,0.10298910579543383,9.06416957015944,0.01888368660449883,41.39874769681927,53.22648658699792,0.10513107763953898,0.08624739103504016,0.0,0.0,76.63873832553504,79.0049294660384,0.06842744493351344,0.06842744493351344,0.0,0.0,36.64481424708492,36.64481424708492,0.007270796477596215,0.007270796477596215,17.458453805243206,0.029443820901699853,171.53692905114977,188.99538285639298,0.31874221315066276,0.2892983922489629,0.9420289855072463
140,0.0,0.0,1.2457467779001727,1.2457467779001727,0.012605770966846987,0.006302885483423493,1.4088643569688202,0.004472585260218476,58.24688261720688,59.6557469741757,0.1893833237275419,0.18491073846732342,11.889121542578255,0.03184586127476319,41.99304167761792,52.71885448223568,0.14432722291123976,0.11248136163647655,0.0,0.0,92.6445288128946,95.27057680720267,0.04595462738734851,0.04595462738734851,0.6728360957346012,0.0003337480633604173,105.99053395168475,106.66337004741936,0.052908417682251664,0.05257466961889125,150.02519578163242,0.47627046279883306,174.91815807399516,330.39987372001815,1.0315662027162782,0.555295739917445,0.8921568627450981
