Simulation,mean_queue_hub_time,mean_N_queue_hub,mean_service_hub_time,mean_response_hub_time,mean_N_centre_hub,hub_rho,mean_queue_red_time,mean_N_queue_red,mean_service_red_time,mean_response_red_time,mean_N_centre_red,red_rho,mean_queue_orange_time,mean_N_queue_orange,mean_service_orange_time,mean_response_orange_time,mean_N_centre_orange,orange_rho,mean_queue_yellow_squadra_time,mean_N_queue_yellow_squadra,mean_service_yellow_squadra_time,mean_response_yellow_squadra_time,mean_N_centre_yellow_squadra,yellow_squadra_rho,mean_queue_yellow_modulo_time,mean_N_queue_yellow_modulo,mean_service_yellow_modulo_time,mean_response_yellow_modulo_time,mean_N_centre_yellow_modulo,yellow_modulo_rho,mean_queue_green_modulo_time,mean_N_queue_green_modulo,mean_service_green_modulo_time,mean_response_green_modulo_time,mean_N_centre_green_modulo,green_modulo_rho,job_arrived,red_job_arrived,orange_job_arrived,yellow_job_arrived,green_job_arrived,job_completed_percentage,red_job_completed_percentage,orange_job_completed_percentage,yellow_job_completed_percentage,green_job_completed_percentage
1,0.0,0.0,1.5939507530011006,1.5939507530011006,0.013788243930550411,0.006894121965275206,0.0,0.0,0.0,0.0,0.0,0.0,0.0,0.0,0.0,0.0,0.0,0.0,0.0,0.0,0.0,0.0,0.0,0.0,0.0,0.0,0.0,0.0,0.0,0.0,20734.789483496173,118.1572385675038,176.26998820186657,20911.059471698038,119.16171344123408,1.004474873730293,1096,0,0,0,1095,0.6578467153284672,0.0,0.0,0.0,0.6584474885844749
2,0.0005308933919665309,4.603154361480958e-06,1.4552660236243573,1.4557969170163239,0.012622605648134892,0.006309001246886705,0.0,0.0,0.0,0.0,0.0,0.0,0.0,0.0,0.0,0.0,0.0,0.0,0.0,0.0,0.0,0.0,0.0,0.0,0.0,0.0,0.0,0.0,0.0,0.0,24020.606244504273,131.50059668886763,182.06652191995667,24202.67276642423,132.4973182547531,0.9967215658854908,1096,0,0,0,1095,0.6304744525547445,0.0,0.0,0.0,0.6310502283105023
3,0.0,0.0,1.5593323559881929,1.5593323559881929,0.013481412231666273,0.0067407061158331364,0.0,0.0,0.0,0.0,0.0,0.0,0.0,0.0,0.0,0.0,0.0,0.0,0.0,0.0,0.0,0.0,0.0,0.0,0.0,0.0,0.0,0.0,0.0,0.0,22007.680598777002,121.17578476995425,181.47628758185544,22189.156886358855,122.17500554045614,0.9992207705018803,1096,0,0,0,1095,0.6359489051094891,0.0,0.0,0.0,0.6365296803652968
4,0.0,0.0,1.435230959884972,1.435230959884972,0.01244574037449232,0.00622287018724616,0.0,0.0,0.0,0.0,0.0,0.0,0.0,0.0,0.0,0.0,0.0,0.0,0.0,0.0,0.0,0.0,0.0,0.0,0.0,0.0,0.0,0.0,0.0,0.0,23716.065100443415,133.60140220627028,177.59678287386754,23893.66188331728,134.60187083876815,1.0004686324978762,1096,0,0,0,1095,0.6487226277372263,0.0,0.0,0.0,0.6493150684931507
5,0.0,0.0,1.4946422295133381,1.4946422295133381,0.013238210870870175,0.006619105435435087,0.0,0.0,0.0,0.0,0.0,0.0,0.0,0.0,0.0,0.0,0.0,0.0,0.0,0.0,0.0,0.0,0.0,0.0,0.0,0.0,0.0,0.0,0.0,0.0,21431.919129010406,119.506532228898,178.6703161829507,21610.589445193356,120.50281584543902,0.9962836165410218,1096,0,0,0,1095,0.6286496350364964,0.0,0.0,0.0,0.6292237442922375
6,0.0,0.0,1.4528651983178076,1.4528651983178076,0.012668635867702439,0.006334317933851219,0.0,0.0,0.0,0.0,0.0,0.0,0.0,0.0,0.0,0.0,0.0,0.0,0.0,0.0,0.0,0.0,0.0,0.0,0.0,0.0,0.0,0.0,0.0,0.0,23226.694669330423,128.4299146445524,180.75884062873214,23407.453509959156,129.42940436117792,0.9994897166255107,1096,0,0,0,1095,0.6332116788321168,0.0,0.0,0.0,0.6337899543378995
7,0.0,0.0,1.5309975131478788,1.5309975131478788,0.013131533404576545,0.0065657667022882725,0.0,0.0,0.0,0.0,0.0,0.0,0.0,0.0,0.0,0.0,0.0,0.0,0.0,0.0,0.0,0.0,0.0,0.0,0.0,0.0,0.0,0.0,0.0,0.0,18094.36226590026,102.9456725640896,176.00465445528806,18270.366920355547,103.94702963106154,1.0013570669719503,1096,0,0,0,1095,0.6624087591240876,0.0,0.0,0.0,0.663013698630137
8,0.00010790274330639164,9.411819439732943e-07,1.4812875430770456,1.481395445820352,0.012921475420984912,0.0064602671195204695,0.0,0.0,0.0,0.0,0.0,0.0,0.0,0.0,0.0,0.0,0.0,0.0,0.0,0.0,0.0,0.0,0.0,0.0,0.0,0.0,0.0,0.0,0.0,0.0,24720.064105425798,135.35321546232532,182.4780055040359,24902.542110929833,136.3523627416684,0.9991472793430979,1096,0,0,0,1095,0.6268248175182481,0.0,0.0,0.0,0.6273972602739726
9,0.0,0.0,1.502670489027813,1.502670489027813,0.013617437277307076,0.006808718638653538,0.0,0.0,0.0,0.0,0.0,0.0,0.0,0.0,0.0,0.0,0.0,0.0,0.0,0.0,0.0,0.0,0.0,0.0,0.0,0.0,0.0,0.0,0.0,0.0,22690.487514777447,128.51548825081528,175.73835903567277,22866.22587381312,129.51084372747297,0.9953554766576852,1096,0,0,0,1095,0.6240875912408759,0.0,0.0,0.0,0.6246575342465753
10,0.0,0.0,1.513327533697741,1.513327533697741,0.012551762470132281,0.006275881235066141,0.0,0.0,0.0,0.0,0.0,0.0,0.0,0.0,0.0,0.0,0.0,0.0,0.0,0.0,0.0,0.0,0.0,0.0,0.0,0.0,0.0,0.0,0.0,0.0,20315.497325437886,116.68914518771008,173.99597923841705,20489.493304676304,117.68855178643541,0.9994065987253309,1096,0,0,0,1095,0.6916058394160584,0.0,0.0,0.0,0.6922374429223744
11,0.0,0.0,1.5014062961377832,1.5014062961377832,0.013225327701364007,0.0066126638506820035,0.0,0.0,0.0,0.0,0.0,0.0,0.0,0.0,0.0,0.0,0.0,0.0,0.0,0.0,0.0,0.0,0.0,0.0,0.0,0.0,0.0,0.0,0.0,0.0,21388.091015011145,121.53156552511703,175.13413122305664,21563.225146234203,122.52671395278553,0.9951484276685111,1096,0,0,0,1095,0.6441605839416058,0.0,0.0,0.0,0.6447488584474886
12,2.031480930881561e-06,1.7397229385932137e-08,1.488978671348085,1.488980702829016,0.012751357123052955,0.006375669862911784,0.0,0.0,0.0,0.0,0.0,0.0,0.0,0.0,0.0,0.0,0.0,0.0,0.0,0.0,0.0,0.0,0.0,0.0,0.0,0.0,0.0,0.0,0.0,0.0,19987.535538790347,109.7921676526379,182.1564763850829,20169.69201517543,110.79275896393146,1.0005913112935567,1096,0,0,0,1095,0.6405109489051095,0.0,0.0,0.0,0.6410958904109589
13,0.0003550958113972587,3.246972239020993e-06,1.48913656241601,1.4894916582274074,0.013619811637561525,0.006808282332661252,0.0,0.0,0.0,0.0,0.0,0.0,0.0,0.0,0.0,0.0,0.0,0.0,0.0,0.0,0.0,0.0,0.0,0.0,0.0,0.0,0.0,0.0,0.0,0.0,23592.074202590487,131.87528160773618,178.9863965438729,23771.06059913436,132.87578208283156,1.0005004750953774,1096,0,0,0,1095,0.6113138686131386,0.0,0.0,0.0,0.6118721461187214
14,0.0,0.0,1.6556511333666162,1.6556511333666162,0.014413450565597804,0.007206725282798902,0.0,0.0,0.0,0.0,0.0,0.0,0.0,0.0,0.0,0.0,0.0,0.0,0.0,0.0,0.0,0.0,0.0,0.0,0.0,0.0,0.0,0.0,0.0,0.0,21692.777179080855,126.30126722825783,171.7405756069888,21864.517754687844,127.30118771582872,0.9999204875708856,1096,0,0,0,1095,0.6678832116788321,0.0,0.0,0.0,0.6684931506849315
15,0.0,0.0,1.5133439580132348,1.5133439580132348,0.012765305523301287,0.0063826527616506435,0.0,0.0,0.0,0.0,0.0,0.0,0.0,0.0,0.0,0.0,0.0,0.0,0.0,0.0,0.0,0.0,0.0,0.0,0.0,0.0,0.0,0.0,0.0,0.0,19218.81292813294,113.74594195742006,169.11501521430668,19387.927943347244,114.74684387454816,1.0009019171281086,1096,0,0,0,1095,0.7007299270072993,0.0,0.0,0.0,0.7013698630136986
16,0.0,0.0,1.5214416714894534,1.5214416714894534,0.012488396153686517,0.006244198076843259,0.0,0.0,0.0,0.0,0.0,0.0,0.0,0.0,0.0,0.0,0.0,0.0,0.0,0.0,0.0,0.0,0.0,0.0,0.0,0.0,0.0,0.0,0.0,0.0,20104.143829005203,112.62323191725983,178.22802941835286,20282.371858423554,113.62166372624738,0.9984318089875404,1096,0,0,0,1095,0.6815693430656934,0.0,0.0,0.0,0.6821917808219178
17,0.0,0.0,1.4748299750763532,1.4748299750763532,0.012553615611217043,0.006276807805608521,0.0,0.0,0.0,0.0,0.0,0.0,0.0,0.0,0.0,0.0,0.0,0.0,0.0,0.0,0.0,0.0,0.0,0.0,0.0,0.0,0.0,0.0,0.0,0.0,23214.465052159467,132.69446605770344,174.60780445870947,23389.07285661818,133.6925286591934,0.9980626014899731,1096,0,0,0,1095,0.6706204379562044,0.0,0.0,0.0,0.6712328767123288
18,0.0,0.0,1.4892776615596008,1.4892776615596008,0.012631449284234503,0.006315724642117252,0.0,0.0,0.0,0.0,0.0,0.0,0.0,0.0,0.0,0.0,0.0,0.0,0.0,0.0,0.0,0.0,0.0,0.0,0.0,0.0,0.0,0.0,0.0,0.0,22913.2393773725,132.1020989815379,174.1190264926765,23087.35840386518,133.10595044459288,1.003851463054989,1096,0,0,0,1095,0.6788321167883211,0.0,0.0,0.0,0.6794520547945205
19,0.0,0.0,1.4368049625321124,1.4368049625321124,0.012001380954462173,0.006000690477231087,0.0,0.0,0.0,0.0,0.0,0.0,0.0,0.0,0.0,0.0,0.0,0.0,0.0,0.0,0.0,0.0,0.0,0.0,0.0,0.0,0.0,0.0,0.0,0.0,23549.286907230184,125.45205642299051,187.1092072709644,23736.39611450115,126.44882693754104,0.9967705145505369,1096,0,0,0,1095,0.6368613138686131,0.0,0.0,0.0,0.6374429223744292
20,0.0,0.0,1.4991944449980728,1.4991944449980728,0.012537126816852538,0.006268563408426269,0.0,0.0,0.0,0.0,0.0,0.0,0.0,0.0,0.0,0.0,0.0,0.0,0.0,0.0,0.0,0.0,0.0,0.0,0.0,0.0,0.0,0.0,0.0,0.0,18624.126760387753,107.99882029774496,172.27929903539805,18796.406059423152,108.99784491226376,0.9990246145187881,1096,0,0,0,1095,0.6925182481751825,0.0,0.0,0.0,0.6931506849315069
21,0.0,0.0,1.482507178813181,1.482507178813181,0.012784162972305273,0.006392081486152636,0.0,0.0,0.0,0.0,0.0,0.0,0.0,0.0,0.0,0.0,0.0,0.0,0.0,0.0,0.0,0.0,0.0,0.0,0.0,0.0,0.0,0.0,0.0,0.0,25055.88438422138,134.44945628054765,186.44484394894812,25242.329228170325,135.44991619291193,1.0004599123642792,1096,0,0,0,1095,0.6213503649635036,0.0,0.0,0.0,0.6219178082191781
22,0.0,0.0,1.5454427126609127,1.5454427126609127,0.012605960399593306,0.006302980199796653,0.0,0.0,0.0,0.0,0.0,0.0,0.0,0.0,0.0,0.0,0.0,0.0,0.0,0.0,0.0,0.0,0.0,0.0,0.0,0.0,0.0,0.0,0.0,0.0,23606.294054300477,128.95445368069508,182.82239673089202,23789.11645103137,129.95316030685154,0.9987066261564492,1096,0,0,0,1095,0.6687956204379562,0.0,0.0,0.0,0.6694063926940639
23,0.0,0.0,1.4483516872049227,1.4483516872049227,0.012263661096529764,0.006131830548264882,0.0,0.0,0.0,0.0,0.0,0.0,0.0,0.0,0.0,0.0,0.0,0.0,0.0,0.0,0.0,0.0,0.0,0.0,0.0,0.0,0.0,0.0,0.0,0.0,18797.81333614774,109.50002925951458,172.53823180688443,18970.351567954625,110.5050898531799,1.0050605936653325,1096,0,0,0,1095,0.6870437956204379,0.0,0.0,0.0,0.6876712328767123
24,0.0,0.0,1.4765578341742083,1.4765578341742083,0.012925644803824457,0.006462822401912228,0.0,0.0,0.0,0.0,0.0,0.0,0.0,0.0,0.0,0.0,0.0,0.0,0.0,0.0,0.0,0.0,0.0,0.0,0.0,0.0,0.0,0.0,0.0,0.0,17447.01228550485,97.40683756278396,179.03296002894874,17626.045245533798,98.40638030228284,0.999542739498884,1096,0,0,0,1095,0.6368613138686131,0.0,0.0,0.0,0.6374429223744292
25,0.0,0.0,1.4684975997380123,1.4684975997380123,0.012821704420194341,0.0064108522100971704,0.0,0.0,0.0,0.0,0.0,0.0,0.0,0.0,0.0,0.0,0.0,0.0,0.0,0.0,0.0,0.0,0.0,0.0,0.0,0.0,0.0,0.0,0.0,0.0,17501.499795810225,106.79870892118878,162.99597265023644,17664.495768460463,107.7933527883713,0.9946438671825133,1096,0,0,0,1095,0.697992700729927,0.0,0.0,0.0,0.6986301369863014
26,0.0,0.0,1.5422707308796277,1.5422707308796277,0.0131345638309587,0.00656728191547935,0.0,0.0,0.0,0.0,0.0,0.0,0.0,0.0,0.0,0.0,0.0,0.0,0.0,0.0,0.0,0.0,0.0,0.0,0.0,0.0,0.0,0.0,0.0,0.0,21218.66309578109,117.8877133063828,179.9085603344875,21398.57165611558,118.88725831477183,0.9995450083890125,1096,0,0,0,1095,0.6514598540145985,0.0,0.0,0.0,0.6520547945205479
27,0.0,0.0,1.501133914556202,1.501133914556202,0.012886112084452232,0.006443056042226116,0.0,0.0,0.0,0.0,0.0,0.0,0.0,0.0,0.0,0.0,0.0,0.0,0.0,0.0,0.0,0.0,0.0,0.0,0.0,0.0,0.0,0.0,0.0,0.0,24952.582263154498,139.5422178600901,178.83313598563106,25131.41539914013,140.5423056329359,1.0000877728458102,1096,0,0,0,1095,0.6505474452554745,0.0,0.0,0.0,0.6511415525114155
28,0.0,0.0,1.5259884057834419,1.5259884057834419,0.013063581655964015,0.006531790827982008,0.0,0.0,0.0,0.0,0.0,0.0,0.0,0.0,0.0,0.0,0.0,0.0,0.0,0.0,0.0,0.0,0.0,0.0,0.0,0.0,0.0,0.0,0.0,0.0,21075.796841597232,123.30091442818086,171.2760844508171,21247.07292604805,124.30294049586351,1.0020260676826496,1096,0,0,0,1095,0.6824817518248175,0.0,0.0,0.0,0.6831050228310502
29,0.0,0.0,1.4506576885917313,1.4506576885917313,0.012393410265255134,0.006196705132627567,0.0,0.0,0.0,0.0,0.0,0.0,0.0,0.0,0.0,0.0,0.0,0.0,0.0,0.0,0.0,0.0,0.0,0.0,0.0,0.0,0.0,0.0,0.0,0.0,22698.460614653446,134.82384374647302,168.24812951015116,22866.708744163592,135.82320048298533,0.9993567365122971,1096,0,0,0,1095,0.6943430656934306,0.0,0.0,0.0,0.6949771689497717
30,0.0,0.0,1.5513168145290115,1.5513168145290115,0.013603876969845406,0.006801938484922703,0.0,0.0,0.0,0.0,0.0,0.0,0.0,0.0,0.0,0.0,0.0,0.0,0.0,0.0,0.0,0.0,0.0,0.0,0.0,0.0,0.0,0.0,0.0,0.0,22464.73988972028,128.15706888369084,175.04618415549677,22639.786073875777,129.15567407523855,0.9986051915476937,1096,0,0,0,1095,0.6496350364963503,0.0,0.0,0.0,0.6502283105022831
31,0.0,0.0,1.551309896190811,1.551309896190811,0.012784072906954618,0.006392036453477309,0.0,0.0,0.0,0.0,0.0,0.0,0.0,0.0,0.0,0.0,0.0,0.0,0.0,0.0,0.0,0.0,0.0,0.0,0.0,0.0,0.0,0.0,0.0,0.0,22825.18236829745,123.22499863001259,185.21777131160596,23010.400139609057,124.22492315406927,0.9999245240566746,1096,0,0,0,1095,0.6541970802919708,0.0,0.0,0.0,0.6547945205479452
32,0.0,0.0,1.516309078910418,1.516309078910418,0.01242308513451098,0.00621154256725549,0.0,0.0,0.0,0.0,0.0,0.0,0.0,0.0,0.0,0.0,0.0,0.0,0.0,0.0,0.0,0.0,0.0,0.0,0.0,0.0,0.0,0.0,0.0,0.0,23163.134218139116,130.5569036238166,178.1478825067624,23341.282100645876,131.561017994013,1.0041143701964406,1096,0,0,0,1095,0.6870437956204379,0.0,0.0,0.0,0.6876712328767123
33,0.0,0.0,1.4292128757908165,1.4292128757908165,0.01291706982340156,0.00645853491170078,0.0,0.0,0.0,0.0,0.0,0.0,0.0,0.0,0.0,0.0,0.0,0.0,0.0,0.0,0.0,0.0,0.0,0.0,0.0,0.0,0.0,0.0,0.0,0.0,22158.557580233337,126.99388925962771,173.87182646996388,22332.4294067033,127.99037377339376,0.9964845137660483,1096,0,0,0,1095,0.6332116788321168,0.0,0.0,0.0,0.6337899543378995
34,0.00044615448190810255,3.9270146061069045e-06,1.5201843609365644,1.5206305154184725,0.013384463199834468,0.00669026809261418,0.0,0.0,0.0,0.0,0.0,0.0,0.0,0.0,0.0,0.0,0.0,0.0,0.0,0.0,0.0,0.0,0.0,0.0,0.0,0.0,0.0,0.0,0.0,0.0,20233.157877852467,115.0439091148053,175.9602483145821,20409.118126167046,116.04440320164677,1.0004940868414727,1096,0,0,0,1095,0.6450729927007299,0.0,0.0,0.0,0.645662100456621
35,0.0,0.0,1.4449706145302883,1.4449706145302883,0.012669712858008296,0.006334856429004148,0.0,0.0,0.0,0.0,0.0,0.0,0.0,0.0,0.0,0.0,0.0,0.0,0.0,0.0,0.0,0.0,0.0,0.0,0.0,0.0,0.0,0.0,0.0,0.0,23452.73982406742,132.2756503940604,177.54338592909497,23630.283209996516,133.27701172851883,1.0013613344584382,1096,0,0,0,1095,0.6423357664233577,0.0,0.0,0.0,0.6429223744292237
36,0.0,0.0,1.5064319206536676,1.5064319206536676,0.012225490266097339,0.0061127451330486695,0.0,0.0,0.0,0.0,0.0,0.0,0.0,0.0,0.0,0.0,0.0,0.0,0.0,0.0,0.0,0.0,0.0,0.0,0.0,0.0,0.0,0.0,0.0,0.0,22472.580019355017,132.78898377905097,169.04052921651925,22641.620548571536,133.787833046594,0.9988492675430156,1096,0,0,0,1095,0.7271897810218978,0.0,0.0,0.0,0.7278538812785388
37,0.0,0.0,1.4509120413834555,1.4509120413834555,0.012197627679905074,0.006098813839952537,0.0,0.0,0.0,0.0,0.0,0.0,0.0,0.0,0.0,0.0,0.0,0.0,0.0,0.0,0.0,0.0,0.0,0.0,0.0,0.0,0.0,0.0,0.0,0.0,16955.897597373245,102.09728079351311,166.35115170777425,17122.248749081016,103.09893819022113,1.001657396708036,1096,0,0,0,1095,0.7153284671532847,0.0,0.0,0.0,0.7159817351598173
38,0.0,0.0,1.5225892477554204,1.5225892477554204,0.013460503292720555,0.006730251646360277,0.0,0.0,0.0,0.0,0.0,0.0,0.0,0.0,0.0,0.0,0.0,0.0,0.0,0.0,0.0,0.0,0.0,0.0,0.0,0.0,0.0,0.0,0.0,0.0,20013.63577322455,114.94073537447113,173.08095756645565,20186.716730791006,115.93476028665732,0.994024912186196,1096,0,0,0,1095,0.6487226277372263,0.0,0.0,0.0,0.6493150684931507
39,0.0,0.0,1.5565798260209889,1.5565798260209889,0.01384993090058701,0.006924965450293505,0.0,0.0,0.0,0.0,0.0,0.0,0.0,0.0,0.0,0.0,0.0,0.0,0.0,0.0,0.0,0.0,0.0,0.0,0.0,0.0,0.0,0.0,0.0,0.0,18561.16074135201,106.38379723125487,173.63347925148824,18734.794220603497,107.37898223647359,0.9951850052187052,1096,0,0,0,1095,0.6432481751824818,0.0,0.0,0.0,0.6438356164383562
40,0.0,0.0,1.4671388474506852,1.4671388474506852,0.012930892547647645,0.006465446273823823,0.0,0.0,0.0,0.0,0.0,0.0,0.0,0.0,0.0,0.0,0.0,0.0,0.0,0.0,0.0,0.0,0.0,0.0,0.0,0.0,0.0,0.0,0.0,0.0,18312.45167932338,109.26904038409529,167.4741781459964,18479.925857469378,110.26834637848545,0.9993059943901623,1096,0,0,0,1095,0.676094890510949,0.0,0.0,0.0,0.6767123287671233
41,0.0,0.0,1.511510450359142,1.511510450359142,0.012986367958067882,0.006493183979033941,0.0,0.0,0.0,0.0,0.0,0.0,0.0,0.0,0.0,0.0,0.0,0.0,0.0,0.0,0.0,0.0,0.0,0.0,0.0,0.0,0.0,0.0,0.0,0.0,19196.0493968292,108.34536849982118,176.893555003376,19372.942951832578,109.34378213201624,0.9984136321950665,1096,0,0,0,1095,0.656021897810219,0.0,0.0,0.0,0.6566210045662101
42,0.0,0.0,1.5680609694195464,1.5680609694195464,0.013937227778150202,0.006968613889075101,0.0,0.0,0.0,0.0,0.0,0.0,0.0,0.0,0.0,0.0,0.0,0.0,0.0,0.0,0.0,0.0,0.0,0.0,0.0,0.0,0.0,0.0,0.0,0.0,24594.44198096285,134.6305577379183,182.4441989054301,24776.88617986828,135.6292616025434,0.9987038646251146,1096,0,0,0,1095,0.614963503649635,0.0,0.0,0.0,0.6155251141552511
43,0.0,0.0,1.468303873006312,1.468303873006312,0.013020294581372644,0.006510147290686322,0.0,0.0,0.0,0.0,0.0,0.0,0.0,0.0,0.0,0.0,0.0,0.0,0.0,0.0,0.0,0.0,0.0,0.0,0.0,0.0,0.0,0.0,0.0,0.0,24447.263053298706,143.40442874305563,170.86931256718643,24618.13236586589,144.4067256506888,1.0022969076331718,1096,0,0,0,1095,0.6605839416058394,0.0,0.0,0.0,0.6611872146118721
44,0.0,0.0,1.4948968260823368,1.4948968260823368,0.012899379477498977,0.0064496897387494884,0.0,0.0,0.0,0.0,0.0,0.0,0.0,0.0,0.0,0.0,0.0,0.0,0.0,0.0,0.0,0.0,0.0,0.0,0.0,0.0,0.0,0.0,0.0,0.0,23233.955043418875,130.24173815233885,178.37436653401753,23412.329409952894,131.24164486197128,0.9999067096324324,1096,0,0,0,1094,0.6487226277372263,0.0,0.0,0.0,0.649908592321755
45,0.0,0.0,1.4873268491424885,1.4873268491424885,0.012656908636476633,0.006328454318238317,0.0,0.0,0.0,0.0,0.0,0.0,0.0,0.0,0.0,0.0,0.0,0.0,0.0,0.0,0.0,0.0,0.0,0.0,0.0,0.0,0.0,0.0,0.0,0.0,18527.045335634928,107.31382255400368,172.09752603190142,18699.14286166683,108.3106595043105,0.9968369503068191,1096,0,0,0,1095,0.6797445255474452,0.0,0.0,0.0,0.680365296803653
46,0.0,0.0,1.5802592111888705,1.5802592111888705,0.013679215419767063,0.0068396077098835315,0.0,0.0,0.0,0.0,0.0,0.0,0.0,0.0,0.0,0.0,0.0,0.0,0.0,0.0,0.0,0.0,0.0,0.0,0.0,0.0,0.0,0.0,0.0,0.0,22366.31839135352,130.0153476234193,171.42548421757633,22537.743875571097,131.01184349422283,0.9964958708035446,1096,0,0,0,1095,0.6706204379562044,0.0,0.0,0.0,0.6712328767123288
47,0.0,0.0,1.5645022041744903,1.5645022041744903,0.013207199982521322,0.006603599991260661,0.0,0.0,0.0,0.0,0.0,0.0,0.0,0.0,0.0,0.0,0.0,0.0,0.0,0.0,0.0,0.0,0.0,0.0,0.0,0.0,0.0,0.0,0.0,0.0,21424.66670887364,126.73580130548407,168.67904941875162,21593.34575829239,127.7336079356651,0.9978066301810268,1096,0,0,0,1095,0.6998175182481752,0.0,0.0,0.0,0.7004566210045662
48,0.0,0.0,1.4387418075129552,1.4387418075129552,0.012026732258978459,0.006013366129489229,0.0,0.0,0.0,0.0,0.0,0.0,0.0,0.0,0.0,0.0,0.0,0.0,0.0,0.0,0.0,0.0,0.0,0.0,0.0,0.0,0.0,0.0,0.0,0.0,25055.96441577812,131.28710914917147,191.1303975534847,25247.09481333161,132.28858556209002,1.0014764129185731,1096,0,0,0,1095,0.6259124087591241,0.0,0.0,0.0,0.6264840182648402
49,0.0,0.0,1.5165161801050189,1.5165161801050189,0.013044633710658272,0.006522316855329136,0.0,0.0,0.0,0.0,0.0,0.0,0.0,0.0,0.0,0.0,0.0,0.0,0.0,0.0,0.0,0.0,0.0,0.0,0.0,0.0,0.0,0.0,0.0,0.0,18983.339573100668,110.54797917579688,171.86281601046264,19155.202389111128,111.54880871541805,1.0008295396211573,1096,0,0,0,1095,0.676094890510949,0.0,0.0,0.0,0.6767123287671233
50,0.001467548116164649,1.2034807899002667e-05,1.4591503476444816,1.4606178957606462,0.011977975778582728,0.005982970485341863,0.0,0.0,0.0,0.0,0.0,0.0,0.0,0.0,0.0,0.0,0.0,0.0,0.0,0.0,0.0,0.0,0.0,0.0,0.0,0.0,0.0,0.0,0.0,0.0,14258.957418597365,87.80593387891483,162.44045469656822,14421.397873293934,88.80623392930595,1.0003000503911166,1096,0,0,0,1095,0.75,0.0,0.0,0.0,0.7506849315068493
51,0.0,0.0,1.4878462696844523,1.4878462696844523,0.012764154927220621,0.006382077463610311,0.0,0.0,0.0,0.0,0.0,0.0,0.0,0.0,0.0,0.0,0.0,0.0,0.0,0.0,0.0,0.0,0.0,0.0,0.0,0.0,0.0,0.0,0.0,0.0,16892.605167151472,100.88918682299112,167.58732703975218,17060.192494191226,101.8900833087361,1.0008964857449723,1096,0,0,0,1095,0.6952554744525548,0.0,0.0,0.0,0.6958904109589041
52,0.0011429774224839724,9.784923115646531e-06,1.4985290618606526,1.4996720392831366,0.012838552463424628,0.006414383770154491,0.0,0.0,0.0,0.0,0.0,0.0,0.0,0.0,0.0,0.0,0.0,0.0,0.0,0.0,0.0,0.0,0.0,0.0,0.0,0.0,0.0,0.0,0.0,0.0,19480.743102086362,115.18889453729531,169.21490179064693,19649.95800387701,116.18945582873877,1.00056129144345,1096,0,0,0,1095,0.6897810218978102,0.0,0.0,0.0,0.6904109589041096
53,0.0,0.0,1.5022846504752103,1.5022846504752103,0.012461221231551215,0.006230610615775608,0.0,0.0,0.0,0.0,0.0,0.0,0.0,0.0,0.0,0.0,0.0,0.0,0.0,0.0,0.0,0.0,0.0,0.0,0.0,0.0,0.0,0.0,0.0,0.0,26132.247751420266,144.17903605334524,181.87079023174465,26314.118541652013,145.18246887976363,1.0034328264183843,1096,0,0,0,1095,0.6642335766423357,0.0,0.0,0.0,0.6648401826484018
54,0.0,0.0,1.4333759710897518,1.4333759710897518,0.011916146182075956,0.005958073091037978,0.0,0.0,0.0,0.0,0.0,0.0,0.0,0.0,0.0,0.0,0.0,0.0,0.0,0.0,0.0,0.0,0.0,0.0,0.0,0.0,0.0,0.0,0.0,0.0,23098.726501007168,129.30328156247475,179.63826922167559,23278.364770228847,130.3088702343677,1.005588671892936,1096,0,0,0,1095,0.6724452554744526,0.0,0.0,0.0,0.6730593607305936
55,0.0,0.0,1.4430466346878112,1.4430466346878112,0.012218125530872087,0.006109062765436044,0.0,0.0,0.0,0.0,0.0,0.0,0.0,0.0,0.0,0.0,0.0,0.0,0.0,0.0,0.0,0.0,0.0,0.0,0.0,0.0,0.0,0.0,0.0,0.0,21487.156079492834,123.99757809083806,172.9388555180985,21660.094935010933,124.99556959621516,0.9979915053770916,1096,0,0,0,1095,0.6806569343065694,0.0,0.0,0.0,0.6812785388127854
56,0.0031950996430713113,2.679400559644927e-05,1.5203831800879495,1.523578279731021,0.012776679764046533,0.006374942879225042,0.0,0.0,0.0,0.0,0.0,0.0,0.0,0.0,0.0,0.0,0.0,0.0,0.0,0.0,0.0,0.0,0.0,0.0,0.0,0.0,0.0,0.0,0.0,0.0,22576.41750518476,127.48352767457975,177.0371282208339,22753.454633405592,128.48321319287714,0.9996855182973857,1096,0,0,0,1095,0.6724452554744526,0.0,0.0,0.0,0.6730593607305936
57,0.0,0.0,1.5159721187412345,1.5159721187412345,0.013234735277479814,0.006617367638739907,0.0,0.0,0.0,0.0,0.0,0.0,0.0,0.0,0.0,0.0,0.0,0.0,0.0,0.0,0.0,0.0,0.0,0.0,0.0,0.0,0.0,0.0,0.0,0.0,20390.526041917266,115.48126206786581,176.06009529302736,20566.586137210295,116.47837425430139,0.9971121864355683,1096,0,0,0,1095,0.6478102189781022,0.0,0.0,0.0,0.6484018264840182
58,0.0,0.0,1.5138443657058034,1.5138443657058034,0.012352797337717823,0.0061763986688589114,0.0,0.0,0.0,0.0,0.0,0.0,0.0,0.0,0.0,0.0,0.0,0.0,0.0,0.0,0.0,0.0,0.0,0.0,0.0,0.0,0.0,0.0,0.0,0.0,20873.504176908136,119.19670782894107,174.10563980462877,21047.609816712764,120.19092609259617,0.994218263655105,1096,0,0,0,1095,0.698905109489051,0.0,0.0,0.0,0.6995433789954338
59,0.0,0.0,1.465050156228805,1.465050156228805,0.012678929191873058,0.006339464595936529,0.0,0.0,0.0,0.0,0.0,0.0,0.0,0.0,0.0,0.0,0.0,0.0,0.0,0.0,0.0,0.0,0.0,0.0,0.0,0.0,0.0,0.0,0.0,0.0,19529.467193390738,106.55846886908007,183.70823922353935,19713.175432614276,107.56083460166494,1.0023657325848567,1096,0,0,0,1095,0.6295620437956204,0.0,0.0,0.0,0.6301369863013698
60,0.0,0.0,1.428477274490294,1.428477274490294,0.012063816762719642,0.006031908381359821,0.0,0.0,0.0,0.0,0.0,0.0,0.0,0.0,0.0,0.0,0.0,0.0,0.0,0.0,0.0,0.0,0.0,0.0,0.0,0.0,0.0,0.0,0.0,0.0,23780.86704172556,129.9196261747764,183.84733925603484,23964.714380981597,130.92402090720825,1.0043947324318496,1096,0,0,0,1095,0.6459854014598541,0.0,0.0,0.0,0.6465753424657534
61,0.0,0.0,1.5080299881460593,1.5080299881460593,0.012416131584987994,0.006208065792493997,0.0,0.0,0.0,0.0,0.0,0.0,0.0,0.0,0.0,0.0,0.0,0.0,0.0,0.0,0.0,0.0,0.0,0.0,0.0,0.0,0.0,0.0,0.0,0.0,22398.082502869227,124.174659105496,180.39342658253898,22578.475929451764,125.17475776340073,1.0000986579047375,1096,0,0,0,1095,0.6724452554744526,0.0,0.0,0.0,0.6730593607305936
62,0.0,0.0,1.5557469986829935,1.5557469986829935,0.013495762742978708,0.006747881371489354,0.0,0.0,0.0,0.0,0.0,0.0,0.0,0.0,0.0,0.0,0.0,0.0,0.0,0.0,0.0,0.0,0.0,0.0,0.0,0.0,0.0,0.0,0.0,0.0,22893.405683750516,127.74603519991805,180.08363731546754,23073.489321065983,128.75090843674536,1.0048732368273046,1096,0,0,0,1095,0.6423357664233577,0.0,0.0,0.0,0.6429223744292237
63,0.0,0.0,1.6111911530789382,1.6111911530789382,0.013488912027488293,0.006744456013744147,0.0,0.0,0.0,0.0,0.0,0.0,0.0,0.0,0.0,0.0,0.0,0.0,0.0,0.0,0.0,0.0,0.0,0.0,0.0,0.0,0.0,0.0,0.0,0.0,17897.65758363983,110.46554900543539,162.57138763272573,18060.228971272554,111.468950568098,1.003401562662609,1096,0,0,0,1095,0.7363138686131386,0.0,0.0,0.0,0.736986301369863
64,0.0,0.0,1.4348440208819855,1.4348440208819855,0.01226300360074071,0.006131501800370355,0.0,0.0,0.0,0.0,0.0,0.0,0.0,0.0,0.0,0.0,0.0,0.0,0.0,0.0,0.0,0.0,0.0,0.0,0.0,0.0,0.0,0.0,0.0,0.0,20572.551144887166,116.94920888241194,176.50188970855856,20749.053034595723,117.95257284161622,1.0033639592042858,1096,0,0,0,1095,0.6642335766423357,0.0,0.0,0.0,0.6648401826484018
65,0.0,0.0,1.4237309273533088,1.4237309273533088,0.012586855978481854,0.006293427989240927,0.0,0.0,0.0,0.0,0.0,0.0,0.0,0.0,0.0,0.0,0.0,0.0,0.0,0.0,0.0,0.0,0.0,0.0,0.0,0.0,0.0,0.0,0.0,0.0,19582.363359014507,116.73157164414128,167.66597398175057,19750.02933299626,117.73103796469273,0.9994663205514337,1096,0,0,0,1095,0.6733576642335767,0.0,0.0,0.0,0.673972602739726
66,0.0,0.0,1.5280850595848534,1.5280850595848534,0.012295947930637425,0.006147973965318712,0.0,0.0,0.0,0.0,0.0,0.0,0.0,0.0,0.0,0.0,0.0,0.0,0.0,0.0,0.0,0.0,0.0,0.0,0.0,0.0,0.0,0.0,0.0,0.0,19907.123043238098,115.0236553115327,172.28935059279772,20079.412393830895,116.01914576152845,0.9954904499957459,1096,0,0,0,1095,0.7171532846715328,0.0,0.0,0.0,0.7178082191780822
67,0.0,0.0,1.5230843960867115,1.5230843960867115,0.012453393812039748,0.006226696906019874,0.0,0.0,0.0,0.0,0.0,0.0,0.0,0.0,0.0,0.0,0.0,0.0,0.0,0.0,0.0,0.0,0.0,0.0,0.0,0.0,0.0,0.0,0.0,0.0,16270.97841398293,96.25871398575357,167.74078281839763,16438.719196801325,97.25106439187215,0.9923504061185761,1096,0,0,0,1095,0.7226277372262774,0.0,0.0,0.0,0.7232876712328767
68,0.0,0.0,1.4130319074127475,1.4130319074127475,0.011657099358802544,0.005828549679401272,0.0,0.0,0.0,0.0,0.0,0.0,0.0,0.0,0.0,0.0,0.0,0.0,0.0,0.0,0.0,0.0,0.0,0.0,0.0,0.0,0.0,0.0,0.0,0.0,17532.893387629258,99.77077892801339,175.64560312883137,17708.53899075809,100.77028872094972,0.9995097929363379,1096,0,0,0,1095,0.6888686131386861,0.0,0.0,0.0,0.6894977168949772
69,0.0,0.0,1.5161356227960687,1.5161356227960687,0.0130804222695844,0.0065402111347922,0.0,0.0,0.0,0.0,0.0,0.0,0.0,0.0,0.0,0.0,0.0,0.0,0.0,0.0,0.0,0.0,0.0,0.0,0.0,0.0,0.0,0.0,0.0,0.0,21004.97846156265,119.21493423040934,176.6123368573998,21181.59079842005,120.21730746117758,1.0023732307682385,1096,0,0,0,1095,0.656934306569343,0.0,0.0,0.0,0.6575342465753424
70,0.0,0.0,1.506614130214862,1.506614130214862,0.01340729465961007,0.006703647329805035,0.0,0.0,0.0,0.0,0.0,0.0,0.0,0.0,0.0,0.0,0.0,0.0,0.0,0.0,0.0,0.0,0.0,0.0,0.0,0.0,0.0,0.0,0.0,0.0,22715.285527638596,126.70784394862632,179.50420543228165,22894.78973307088,127.70913406326571,1.0012901146393889,1096,0,0,0,1095,0.6259124087591241,0.0,0.0,0.0,0.6264840182648402
71,0.0,0.0,1.5324671780121206,1.5324671780121206,0.013800105424461157,0.006900052712230579,0.0,0.0,0.0,0.0,0.0,0.0,0.0,0.0,0.0,0.0,0.0,0.0,0.0,0.0,0.0,0.0,0.0,0.0,0.0,0.0,0.0,0.0,0.0,0.0,20692.635916527142,122.92346169878853,168.7344227778702,20861.370339305013,123.92581922536331,1.0023575265747857,1096,0,0,0,1095,0.6587591240875912,0.0,0.0,0.0,0.6593607305936073
72,0.0,0.0,1.5349149508215805,1.5349149508215805,0.013155270072113305,0.0065776350360566525,0.0,0.0,0.0,0.0,0.0,0.0,0.0,0.0,0.0,0.0,0.0,0.0,0.0,0.0,0.0,0.0,0.0,0.0,0.0,0.0,0.0,0.0,0.0,0.0,20546.15673587916,121.14537554353983,169.37932078103663,20715.536056660196,122.1440791789256,0.9987036353857718,1096,0,0,0,1095,0.6870437956204379,0.0,0.0,0.0,0.6876712328767123
73,0.0,0.0,1.490702368975848,1.490702368975848,0.01314548320959835,0.006572741604799175,0.0,0.0,0.0,0.0,0.0,0.0,0.0,0.0,0.0,0.0,0.0,0.0,0.0,0.0,0.0,0.0,0.0,0.0,0.0,0.0,0.0,0.0,0.0,0.0,20985.563518695428,123.76551956423994,169.5898618296213,21155.153380525047,124.76570130076905,1.0001817365291106,1096,0,0,0,1095,0.6678832116788321,0.0,0.0,0.0,0.6684931506849315
74,0.0,0.0,1.5178660402423667,1.5178660402423667,0.012987575844557897,0.0064937879222789485,0.0,0.0,0.0,0.0,0.0,0.0,0.0,0.0,0.0,0.0,0.0,0.0,0.0,0.0,0.0,0.0,0.0,0.0,0.0,0.0,0.0,0.0,0.0,0.0,20853.43950981561,119.00882619376141,175.4460772394303,21028.88558705504,120.01008220731912,1.0012560135576993,1096,0,0,0,1095,0.666058394160584,0.0,0.0,0.0,0.6666666666666666
75,0.0,0.0,1.4555452346802793,1.4555452346802793,0.012964252083678402,0.006482126041839201,0.0,0.0,0.0,0.0,0.0,0.0,0.0,0.0,0.0,0.0,0.0,0.0,0.0,0.0,0.0,0.0,0.0,0.0,0.0,0.0,0.0,0.0,0.0,0.0,21874.37326142621,123.54683646503797,176.8394956187566,22051.21275704497,124.54562897829811,0.9987925132601412,1096,0,0,0,1094,0.6332116788321168,0.0,0.0,0.0,0.6343692870201096
76,0.0,0.0,1.486072549815623,1.486072549815623,0.01306913464781053,0.006534567323905265,0.0,0.0,0.0,0.0,0.0,0.0,0.0,0.0,0.0,0.0,0.0,0.0,0.0,0.0,0.0,0.0,0.0,0.0,0.0,0.0,0.0,0.0,0.0,0.0,23474.83063595185,136.18743210212557,172.61164612779373,23647.442282079646,137.18882534758154,1.001393245455969,1096,0,0,0,1095,0.6587591240875912,0.0,0.0,0.0,0.6593607305936073
77,0.0,0.0,1.5457634871663901,1.5457634871663901,0.012863116845769067,0.006431558422884533,0.0,0.0,0.0,0.0,0.0,0.0,0.0,0.0,0.0,0.0,0.0,0.0,0.0,0.0,0.0,0.0,0.0,0.0,0.0,0.0,0.0,0.0,0.0,0.0,20751.1381362936,117.37910944563009,176.725480637054,20927.863616930656,118.37875965263477,0.9996502070046672,1096,0,0,0,1095,0.6788321167883211,0.0,0.0,0.0,0.6794520547945205
78,0.0,0.0,1.5033501201338646,1.5033501201338646,0.01194738904853655,0.005973694524268275,0.0,0.0,0.0,0.0,0.0,0.0,0.0,0.0,0.0,0.0,0.0,0.0,0.0,0.0,0.0,0.0,0.0,0.0,0.0,0.0,0.0,0.0,0.0,0.0,21055.230195093845,115.11546046868486,182.0336690089022,21237.263864102748,116.11069488002114,0.9952344113362731,1096,0,0,0,1095,0.6870437956204379,0.0,0.0,0.0,0.6876712328767123
79,0.0,0.0,1.5357575468186508,1.5357575468186508,0.01306023656302598,0.00653011828151299,0.0,0.0,0.0,0.0,0.0,0.0,0.0,0.0,0.0,0.0,0.0,0.0,0.0,0.0,0.0,0.0,0.0,0.0,0.0,0.0,0.0,0.0,0.0,0.0,16847.835747253583,100.26683699954421,168.09551756564392,17015.931264819224,101.26722696730941,1.0003899677652026,1096,0,0,0,1095,0.698905109489051,0.0,0.0,0.0,0.6995433789954338
80,0.0,0.0,1.4655201561474305,1.4655201561474305,0.0127940010811787,0.00639700054058935,0.0,0.0,0.0,0.0,0.0,0.0,0.0,0.0,0.0,0.0,0.0,0.0,0.0,0.0,0.0,0.0,0.0,0.0,0.0,0.0,0.0,0.0,0.0,0.0,23243.24102356427,133.85636157079574,173.70438680242847,23416.9454103667,134.8567141972942,1.000352626498458,1096,0,0,0,1095,0.6587591240875912,0.0,0.0,0.0,0.6593607305936073
81,0.0,0.0,1.545016009068674,1.545016009068674,0.013056083940098289,0.006528041970049144,0.0,0.0,0.0,0.0,0.0,0.0,0.0,0.0,0.0,0.0,0.0,0.0,0.0,0.0,0.0,0.0,0.0,0.0,0.0,0.0,0.0,0.0,0.0,0.0,18983.00601749638,113.87122114091397,165.93516197939638,19148.94117947578,114.86659771654135,0.9953765756273658,1096,0,0,0,1095,0.708941605839416,0.0,0.0,0.0,0.7095890410958904
82,0.0,0.0,1.4657904887719009,1.4657904887719009,0.013278520106365117,0.006639260053182558,0.0,0.0,0.0,0.0,0.0,0.0,0.0,0.0,0.0,0.0,0.0,0.0,0.0,0.0,0.0,0.0,0.0,0.0,0.0,0.0,0.0,0.0,0.0,0.0,17135.569295875983,100.27646540920426,171.9227564776671,17307.49205235365,101.2825484896851,1.0060830804808414,1096,0,0,0,1095,0.6450729927007299,0.0,0.0,0.0,0.645662100456621
83,0.0,0.0,1.5301438221970765,1.5301438221970765,0.013114276218059944,0.006557138109029972,0.0,0.0,0.0,0.0,0.0,0.0,0.0,0.0,0.0,0.0,0.0,0.0,0.0,0.0,0.0,0.0,0.0,0.0,0.0,0.0,0.0,0.0,0.0,0.0,22204.978130272397,119.11761377870964,185.80655030598373,22390.78468057838,120.1143647219915,0.9967509432818812,1096,0,0,0,1095,0.625,0.0,0.0,0.0,0.6255707762557078
84,0.0,0.0,1.6435640016181152,1.6435640016181152,0.01541156791894117,0.007705783959470585,0.0,0.0,0.0,0.0,0.0,0.0,0.0,0.0,0.0,0.0,0.0,0.0,0.0,0.0,0.0,0.0,0.0,0.0,0.0,0.0,0.0,0.0,0.0,0.0,22728.840252356393,127.75923296087561,177.87026294262066,22906.710515299015,128.7590450105794,0.9998120497037908,1096,0,0,0,1095,0.5985401459854015,0.0,0.0,0.0,0.5990867579908675
85,0.0,0.0,1.532806303888821,1.532806303888821,0.012861252220888252,0.006430626110444126,0.0,0.0,0.0,0.0,0.0,0.0,0.0,0.0,0.0,0.0,0.0,0.0,0.0,0.0,0.0,0.0,0.0,0.0,0.0,0.0,0.0,0.0,0.0,0.0,19340.821270844706,119.63870284125194,161.22998798759434,19502.0512588323,120.63604139021129,0.9973385489593516,1096,0,0,0,1095,0.7363138686131386,0.0,0.0,0.0,0.736986301369863
86,0.0,0.0,1.4923218109789418,1.4923218109789418,0.013095051047291618,0.006547525523645809,0.0,0.0,0.0,0.0,0.0,0.0,0.0,0.0,0.0,0.0,0.0,0.0,0.0,0.0,0.0,0.0,0.0,0.0,0.0,0.0,0.0,0.0,0.0,0.0,21264.28735170882,125.13313540784304,167.97749042292517,21432.264842131743,126.12162609680433,0.9884906889612928,1096,0,0,0,1095,0.6697080291970803,0.0,0.0,0.0,0.6703196347031963
87,0.0,0.0,1.4722410118047389,1.4722410118047389,0.012306911085850327,0.0061534555429251635,0.0,0.0,0.0,0.0,0.0,0.0,0.0,0.0,0.0,0.0,0.0,0.0,0.0,0.0,0.0,0.0,0.0,0.0,0.0,0.0,0.0,0.0,0.0,0.0,16087.712027763457,94.11291926370717,170.12568110811736,16257.837708871573,95.10815242446864,0.9952331607614762,1096,0,0,0,1095,0.698905109489051,0.0,0.0,0.0,0.6995433789954338
88,0.0,0.0,1.5364941891640738,1.5364941891640738,0.01289550546587663,0.006447752732938315,0.0,0.0,0.0,0.0,0.0,0.0,0.0,0.0,0.0,0.0,0.0,0.0,0.0,0.0,0.0,0.0,0.0,0.0,0.0,0.0,0.0,0.0,0.0,0.0,19234.769202725336,111.05937345054124,173.12955464738496,19407.89875737272,112.0590038418529,0.9996303913116611,1096,0,0,0,1095,0.6870437956204379,0.0,0.0,0.0,0.6876712328767123
89,0.0,0.0,1.5342297001562004,1.5342297001562004,0.013577013620480435,0.0067885068102402175,0.0,0.0,0.0,0.0,0.0,0.0,0.0,0.0,0.0,0.0,0.0,0.0,0.0,0.0,0.0,0.0,0.0,0.0,0.0,0.0,0.0,0.0,0.0,0.0,21030.680265984425,123.61979352955781,170.33281786628953,21201.013083850718,124.62102161679168,1.0012280872338608,1096,0,0,0,1095,0.6633211678832117,0.0,0.0,0.0,0.6639269406392694
90,0.0,0.0,1.475075360511645,1.475075360511645,0.012520356907140352,0.006260178453570176,0.0,0.0,0.0,0.0,0.0,0.0,0.0,0.0,0.0,0.0,0.0,0.0,0.0,0.0,0.0,0.0,0.0,0.0,0.0,0.0,0.0,0.0,0.0,0.0,23306.284738072558,132.8442645017996,175.673665559907,23481.958403632463,133.8455926480879,1.0013281462882777,1096,0,0,0,1095,0.6706204379562044,0.0,0.0,0.0,0.6712328767123288
91,0.0,0.0,1.5906148226997827,1.5906148226997827,0.013599021093570222,0.006799510546785111,0.0,0.0,0.0,0.0,0.0,0.0,0.0,0.0,0.0,0.0,0.0,0.0,0.0,0.0,0.0,0.0,0.0,0.0,0.0,0.0,0.0,0.0,0.0,0.0,23801.770509293096,134.42495436852988,176.06978127648154,23977.84029056958,135.41934141652393,0.9943870479940613,1096,0,0,0,1095,0.6596715328467153,0.0,0.0,0.0,0.6602739726027397
92,0.0,0.0,1.4741917720731013,1.4741917720731013,0.012497624654607591,0.0062488123273037955,0.0,0.0,0.0,0.0,0.0,0.0,0.0,0.0,0.0,0.0,0.0,0.0,0.0,0.0,0.0,0.0,0.0,0.0,0.0,0.0,0.0,0.0,0.0,0.0,22711.44753570206,125.95833495871432,180.8113749269069,22892.258910628967,126.96111999439235,1.0027850356780441,1096,0,0,0,1095,0.6532846715328468,0.0,0.0,0.0,0.6538812785388128
93,0.0,0.0,1.4440019268583508,1.4440019268583508,0.012213316111815687,0.0061066580559078435,0.0,0.0,0.0,0.0,0.0,0.0,0.0,0.0,0.0,0.0,0.0,0.0,0.0,0.0,0.0,0.0,0.0,0.0,0.0,0.0,0.0,0.0,0.0,0.0,19544.764724398538,114.0269514210335,171.5971995204151,19716.36192391895,115.02807401368737,1.00112259265387,1096,0,0,0,1095,0.6888686131386861,0.0,0.0,0.0,0.6894977168949772
94,0.0,0.0,1.5464145976732668,1.5464145976732668,0.013378874187735302,0.006689437093867651,0.0,0.0,0.0,0.0,0.0,0.0,0.0,0.0,0.0,0.0,0.0,0.0,0.0,0.0,0.0,0.0,0.0,0.0,0.0,0.0,0.0,0.0,0.0,0.0,22973.304670542464,126.94178099115834,180.82367545376187,23154.128345996225,127.94094413884865,0.999163147690311,1096,0,0,0,1095,0.6377737226277372,0.0,0.0,0.0,0.6383561643835617
95,0.000290631472955655,2.5030694719356776e-06,1.4663642216827675,1.466654853155723,0.012631594752852325,0.0063145458416901945,0.0,0.0,0.0,0.0,0.0,0.0,0.0,0.0,0.0,0.0,0.0,0.0,0.0,0.0,0.0,0.0,0.0,0.0,0.0,0.0,0.0,0.0,0.0,0.0,25169.83912715319,136.86936129030775,183.67226424489957,25353.51139139809,137.86814024026233,0.9987789499545906,1096,0,0,0,1095,0.6304744525547445,0.0,0.0,0.0,0.6310502283105023
96,0.0,0.0,1.4847109003464831,1.4847109003464831,0.012941158849069637,0.0064705794245348185,0.0,0.0,0.0,0.0,0.0,0.0,0.0,0.0,0.0,0.0,0.0,0.0,0.0,0.0,0.0,0.0,0.0,0.0,0.0,0.0,0.0,0.0,0.0,0.0,22687.43878240999,124.13510778828818,183.29339941085308,22870.732181820844,125.13800397727488,1.0028961889866985,1096,0,0,0,1095,0.6268248175182481,0.0,0.0,0.0,0.6273972602739726
97,0.0,0.0,1.5737970052579762,1.5737970052579762,0.012679825416628624,0.006339912708314312,0.0,0.0,0.0,0.0,0.0,0.0,0.0,0.0,0.0,0.0,0.0,0.0,0.0,0.0,0.0,0.0,0.0,0.0,0.0,0.0,0.0,0.0,0.0,0.0,19357.737567405584,116.26009128468266,166.69343127601545,19524.4309986816,117.26123067244554,1.0011393877628596,1096,0,0,0,1095,0.7445255474452555,0.0,0.0,0.0,0.7452054794520548
98,0.0009132157450365107,8.101116252106441e-06,1.5024053628832275,1.503318578628264,0.013335905163277796,0.0066639020235128455,0.0,0.0,0.0,0.0,0.0,0.0,0.0,0.0,0.0,0.0,0.0,0.0,0.0,0.0,0.0,0.0,0.0,0.0,0.0,0.0,0.0,0.0,0.0,0.0,24830.55949866882,139.07642532294446,178.51058501193154,25009.070083680752,140.0762664278981,0.9998411049536758,1096,0,0,0,1095,0.6304744525547445,0.0,0.0,0.0,0.6310502283105023
99,0.0,0.0,1.5549933666508597,1.5549933666508597,0.013395561410457654,0.006697780705228827,0.0,0.0,0.0,0.0,0.0,0.0,0.0,0.0,0.0,0.0,0.0,0.0,0.0,0.0,0.0,0.0,0.0,0.0,0.0,0.0,0.0,0.0,0.0,0.0,25877.044062368666,141.5616870727596,183.36484879000471,26060.408911158673,142.5647938140857,1.0031067413260997,1096,0,0,0,1095,0.6341240875912408,0.0,0.0,0.0,0.634703196347032
100,0.0,0.0,1.4660185165323771,1.4660185165323771,0.012810532563508824,0.006405266281754412,0.0,0.0,0.0,0.0,0.0,0.0,0.0,0.0,0.0,0.0,0.0,0.0,0.0,0.0,0.0,0.0,0.0,0.0,0.0,0.0,0.0,0.0,0.0,0.0,19613.040666431192,118.84357183176034,164.7269415696505,19777.767608000842,119.8417208921743,0.9981490604139532,1096,0,0,0,1095,0.6925182481751825,0.0,0.0,0.0,0.6931506849315069
101,0.00021832676631582045,1.9238959861312448e-06,1.4336538871340998,1.4338722139004156,0.012635285372924226,0.006316680738469047,0.0,0.0,0.0,0.0,0.0,0.0,0.0,0.0,0.0,0.0,0.0,0.0,0.0,0.0,0.0,0.0,0.0,0.0,0.0,0.0,0.0,0.0,0.0,0.0,18032.775794895817,108.59465571286587,165.55155173590342,18198.327346631722,109.59161890743849,0.9969631945726191,1096,0,0,0,1095,0.6824817518248175,0.0,0.0,0.0,0.6831050228310502
102,0.0,0.0,1.475313459404174,1.475313459404174,0.012432545115180792,0.006216272557590396,0.0,0.0,0.0,0.0,0.0,0.0,0.0,0.0,0.0,0.0,0.0,0.0,0.0,0.0,0.0,0.0,0.0,0.0,0.0,0.0,0.0,0.0,0.0,0.0,23085.280884951928,129.22059237329822,178.13668276473672,23263.41756771666,130.2177181083062,0.9971257350079896,1096,0,0,0,1095,0.6633211678832117,0.0,0.0,0.0,0.6639269406392694
103,0.0,0.0,1.5469591508238603,1.5469591508238603,0.0133541392866003,0.00667706964330015,0.0,0.0,0.0,0.0,0.0,0.0,0.0,0.0,0.0,0.0,0.0,0.0,0.0,0.0,0.0,0.0,0.0,0.0,0.0,0.0,0.0,0.0,0.0,0.0,20939.94275485618,120.39954673215851,173.72697381134117,21113.66972866752,121.39843431971813,0.9988875875596303,1096,0,0,0,1095,0.6651459854014599,0.0,0.0,0.0,0.6657534246575343
104,0.0,0.0,1.4399497089672502,1.4399497089672502,0.011435970838138972,0.005717985419069486,0.0,0.0,0.0,0.0,0.0,0.0,0.0,0.0,0.0,0.0,0.0,0.0,0.0,0.0,0.0,0.0,0.0,0.0,0.0,0.0,0.0,0.0,0.0,0.0,21766.375549844757,123.02571038744269,176.87689407267996,21943.252443917434,124.02543611093695,0.9997257234942408,1096,0,0,0,1095,0.7107664233576643,0.0,0.0,0.0,0.7114155251141553
105,0.0,0.0,1.5172028286833528,1.5172028286833528,0.01327163525214896,0.00663581762607448,0.0,0.0,0.0,0.0,0.0,0.0,0.0,0.0,0.0,0.0,0.0,0.0,0.0,0.0,0.0,0.0,0.0,0.0,0.0,0.0,0.0,0.0,0.0,0.0,22862.80729982996,122.8046635448604,187.21908692134016,23050.026386751302,123.81028707468487,1.0056235298244476,1096,0,0,0,1095,0.6131386861313869,0.0,0.0,0.0,0.6136986301369863
106,0.0,0.0,1.4732777023697563,1.4732777023697563,0.012550418029764641,0.0062752090148823205,0.0,0.0,0.0,0.0,0.0,0.0,0.0,0.0,0.0,0.0,0.0,0.0,0.0,0.0,0.0,0.0,0.0,0.0,0.0,0.0,0.0,0.0,0.0,0.0,21483.910492056493,126.90827705054785,170.94679978953266,21654.857291846027,127.91808221784343,1.0098051672955881,1096,0,0,0,1095,0.6925182481751825,0.0,0.0,0.0,0.6931506849315069
107,0.0009776080319535557,8.757066889906414e-06,1.435603201540302,1.4365808095722554,0.012868382655409495,0.006429812794259794,0.0,0.0,0.0,0.0,0.0,0.0,0.0,0.0,0.0,0.0,0.0,0.0,0.0,0.0,0.0,0.0,0.0,0.0,0.0,0.0,0.0,0.0,0.0,0.0,25561.025851776398,135.3744288325285,188.3333702646481,25749.359222041046,136.3718662036859,0.9974373711573864,1096,0,0,0,1095,0.5903284671532847,0.0,0.0,0.0,0.5908675799086758
108,0.0027343932892719323,2.3254906354832205e-05,1.528490558718756,1.531224952008028,0.013022447431697124,0.006499596262671146,0.0,0.0,0.0,0.0,0.0,0.0,0.0,0.0,0.0,0.0,0.0,0.0,0.0,0.0,0.0,0.0,0.0,0.0,0.0,0.0,0.0,0.0,0.0,0.0,22551.93017567771,124.24677597863881,181.13032816567764,22733.060503843386,125.24468875733346,0.9979127786946506,1096,0,0,0,1095,0.6468978102189781,0.0,0.0,0.0,0.6474885844748859
109,0.0,0.0,1.5229779223409357,1.5229779223409357,0.013288073247709246,0.006644036623854623,0.0,0.0,0.0,0.0,0.0,0.0,0.0,0.0,0.0,0.0,0.0,0.0,0.0,0.0,0.0,0.0,0.0,0.0,0.0,0.0,0.0,0.0,0.0,0.0,22682.398214497924,127.30220884767672,178.5015805204263,22860.899795018348,128.3040273180238,1.001818470347082,1096,0,0,0,1095,0.6423357664233577,0.0,0.0,0.0,0.6429223744292237
110,0.0,0.0,1.543533490800893,1.543533490800893,0.014066634441291172,0.007033317220645586,0.0,0.0,0.0,0.0,0.0,0.0,0.0,0.0,0.0,0.0,0.0,0.0,0.0,0.0,0.0,0.0,0.0,0.0,0.0,0.0,0.0,0.0,0.0,0.0,20796.510124775457,118.6255305204966,175.55674624587792,20972.066871021336,119.62692508309004,1.0013945625934353,1096,0,0,0,1095,0.625,0.0,0.0,0.0,0.6255707762557078
111,0.0,0.0,1.5495733446989075,1.5495733446989075,0.012983317648320914,0.006491658824160457,0.0,0.0,0.0,0.0,0.0,0.0,0.0,0.0,0.0,0.0,0.0,0.0,0.0,0.0,0.0,0.0,0.0,0.0,0.0,0.0,0.0,0.0,0.0,0.0,20056.739013716262,117.29641798876457,171.22624509740652,20227.96525881367,118.29778841103797,1.001370422273381,1096,0,0,0,1095,0.6970802919708029,0.0,0.0,0.0,0.6977168949771689
112,0.0,0.0,1.5653031821436723,1.5653031821436723,0.013257216149585048,0.006628608074792524,0.0,0.0,0.0,0.0,0.0,0.0,0.0,0.0,0.0,0.0,0.0,0.0,0.0,0.0,0.0,0.0,0.0,0.0,0.0,0.0,0.0,0.0,0.0,0.0,23198.022112935523,129.7874916859089,178.55832399281024,23376.580436928336,130.7864836205594,0.9989919346505064,1096,0,0,0,1095,0.6596715328467153,0.0,0.0,0.0,0.6602739726027397
113,0.0,0.0,1.5212570917713253,1.5212570917713253,0.012762921806591212,0.006381460903295606,0.0,0.0,0.0,0.0,0.0,0.0,0.0,0.0,0.0,0.0,0.0,0.0,0.0,0.0,0.0,0.0,0.0,0.0,0.0,0.0,0.0,0.0,0.0,0.0,22690.173717967402,125.57785387773774,180.18767075502345,22870.361388722424,126.57509529465675,0.9972414169190083,1096,0,0,0,1095,0.6587591240875912,0.0,0.0,0.0,0.6593607305936073
114,0.0,0.0,1.51425365036639,1.51425365036639,0.012529862459866623,0.006264931229933312,0.0,0.0,0.0,0.0,0.0,0.0,0.0,0.0,0.0,0.0,0.0,0.0,0.0,0.0,0.0,0.0,0.0,0.0,0.0,0.0,0.0,0.0,0.0,0.0,18447.70389008347,104.03992756880504,178.0621726493877,18625.76606273286,105.04414878004992,1.0042212112448716,1096,0,0,0,1095,0.6806569343065694,0.0,0.0,0.0,0.6812785388127854
115,0.0,0.0,1.5010745865390445,1.5010745865390445,0.0127244362525188,0.0063622181262594,0.0,0.0,0.0,0.0,0.0,0.0,0.0,0.0,0.0,0.0,0.0,0.0,0.0,0.0,0.0,0.0,0.0,0.0,0.0,0.0,0.0,0.0,0.0,0.0,20507.244924734507,125.14400377947538,163.85509726496704,20671.100021999475,126.14391785797166,0.9999140784962762,1096,0,0,0,1095,0.718978102189781,0.0,0.0,0.0,0.719634703196347
116,0.0,0.0,1.4780319016320047,1.4780319016320047,0.012577191935389753,0.006288595967694877,0.0,0.0,0.0,0.0,0.0,0.0,0.0,0.0,0.0,0.0,0.0,0.0,0.0,0.0,0.0,0.0,0.0,0.0,0.0,0.0,0.0,0.0,0.0,0.0,19950.92255361692,113.0772321204457,176.30412348773362,20127.226677104656,114.07648326995208,0.9992511495063654,1096,0,0,0,1095,0.6651459854014599,0.0,0.0,0.0,0.6657534246575343
117,0.00015646969919929103,1.4290165890760146e-06,1.5226095633531047,1.522766033052304,0.013907216116914966,0.0069528935501629455,0.0,0.0,0.0,0.0,0.0,0.0,0.0,0.0,0.0,0.0,0.0,0.0,0.0,0.0,0.0,0.0,0.0,0.0,0.0,0.0,0.0,0.0,0.0,0.0,17925.56711124768,107.09976764330072,167.08580553611893,18092.652916783798,108.09805410410584,0.9982864608051177,1096,0,0,0,1095,0.6532846715328468,0.0,0.0,0.0,0.6538812785388128
118,0.0,0.0,1.5292352619469674,1.5292352619469674,0.013135788701148276,0.006567894350574138,0.0,0.0,0.0,0.0,0.0,0.0,0.0,0.0,0.0,0.0,0.0,0.0,0.0,0.0,0.0,0.0,0.0,0.0,0.0,0.0,0.0,0.0,0.0,0.0,21749.34942688122,126.30942985412584,172.77297626056844,21922.12240314179,127.31280957355325,1.0033797194274117,1096,0,0,0,1095,0.6751824817518248,0.0,0.0,0.0,0.6757990867579908
119,0.0,0.0,1.5165266740796943,1.5165266740796943,0.013135389791804805,0.006567694895902402,0.0,0.0,0.0,0.0,0.0,0.0,0.0,0.0,0.0,0.0,0.0,0.0,0.0,0.0,0.0,0.0,0.0,0.0,0.0,0.0,0.0,0.0,0.0,0.0,17558.377110059257,99.49147863198245,176.30660401668592,17734.683714075945,100.49048922483242,0.9990105928499619,1096,0,0,0,1095,0.6532846715328468,0.0,0.0,0.0,0.6538812785388128
120,0.0,0.0,1.5595927969196033,1.5595927969196033,0.01328504093171461,0.006642520465857305,0.0,0.0,0.0,0.0,0.0,0.0,0.0,0.0,0.0,0.0,0.0,0.0,0.0,0.0,0.0,0.0,0.0,0.0,0.0,0.0,0.0,0.0,0.0,0.0,18193.747418678264,107.89164657878823,168.63251970053156,18362.379938378795,108.89166267214905,1.0000160933608284,1096,0,0,0,1095,0.6952554744525548,0.0,0.0,0.0,0.6958904109589041
121,0.0,0.0,1.5607752932689305,1.5607752932689305,0.013198981714863873,0.006599490857431937,0.0,0.0,0.0,0.0,0.0,0.0,0.0,0.0,0.0,0.0,0.0,0.0,0.0,0.0,0.0,0.0,0.0,0.0,0.0,0.0,0.0,0.0,0.0,0.0,20178.155921140442,119.26135371726389,168.16378555512253,20346.319706695565,120.25527213031924,0.9939184130553628,1096,0,0,0,1095,0.697992700729927,0.0,0.0,0.0,0.6986301369863014
122,0.0,0.0,1.4320620264727228,1.4320620264727228,0.011791164905752965,0.005895582452876483,0.0,0.0,0.0,0.0,0.0,0.0,0.0,0.0,0.0,0.0,0.0,0.0,0.0,0.0,0.0,0.0,0.0,0.0,0.0,0.0,0.0,0.0,0.0,0.0,21364.766154274068,124.06862462226314,172.53182400110862,21537.297978275175,125.07054460363891,1.0019199813757682,1096,0,0,0,1095,0.7043795620437956,0.0,0.0,0.0,0.7050228310502283
123,0.0,0.0,1.5016037795455555,1.5016037795455555,0.012783465469886733,0.006391732734943366,0.0,0.0,0.0,0.0,0.0,0.0,0.0,0.0,0.0,0.0,0.0,0.0,0.0,0.0,0.0,0.0,0.0,0.0,0.0,0.0,0.0,0.0,0.0,0.0,21982.339043053016,126.86604801946307,172.5221651009522,22154.86120815397,127.86172028342244,0.9956722639593741,1096,0,0,0,1095,0.677007299270073,0.0,0.0,0.0,0.6776255707762557
124,0.0,0.0,1.6388687139808893,1.6388687139808893,0.013853964263606496,0.006926982131803248,0.0,0.0,0.0,0.0,0.0,0.0,0.0,0.0,0.0,0.0,0.0,0.0,0.0,0.0,0.0,0.0,0.0,0.0,0.0,0.0,0.0,0.0,0.0,0.0,18537.547224687256,101.08600389443309,184.0736119347087,18721.62083662196,102.08976483580045,1.0037609413673794,1096,0,0,0,1095,0.6441605839416058,0.0,0.0,0.0,0.6447488584474886
125,0.0,0.0,1.4663640655623236,1.4663640655623236,0.012828430812596303,0.006414215406298151,0.0,0.0,0.0,0.0,0.0,0.0,0.0,0.0,0.0,0.0,0.0,0.0,0.0,0.0,0.0,0.0,0.0,0.0,0.0,0.0,0.0,0.0,0.0,0.0,19649.510822668348,109.47837396788174,179.16435079884133,19828.67517346719,110.4765984008198,0.9982244329380559,1096,0,0,0,1095,0.6359489051094891,0.0,0.0,0.0,0.6365296803652968
126,0.0,0.0,1.5343943145948722,1.5343943145948722,0.014199809918697131,0.007099904959348566,0.0,0.0,0.0,0.0,0.0,0.0,0.0,0.0,0.0,0.0,0.0,0.0,0.0,0.0,0.0,0.0,0.0,0.0,0.0,0.0,0.0,0.0,0.0,0.0,27338.161615113386,155.12206438141448,176.1493642655905,27514.310979378974,156.12157025196453,0.9995058705500608,1096,0,0,0,1095,0.6122262773722628,0.0,0.0,0.0,0.6127853881278539
127,0.0,0.0,1.604001232548432,1.604001232548432,0.013867724044305984,0.006933862022152992,0.0,0.0,0.0,0.0,0.0,0.0,0.0,0.0,0.0,0.0,0.0,0.0,0.0,0.0,0.0,0.0,0.0,0.0,0.0,0.0,0.0,0.0,0.0,0.0,20543.834897265864,112.79262263806743,182.20675161434792,20726.04164888021,113.79299951413357,1.000376876066133,1096,0,0,0,1095,0.6341240875912408,0.0,0.0,0.0,0.634703196347032
128,0.0,0.0,1.4342730960487382,1.4342730960487382,0.011622538162448405,0.005811269081224203,0.0,0.0,0.0,0.0,0.0,0.0,0.0,0.0,0.0,0.0,0.0,0.0,0.0,0.0,0.0,0.0,0.0,0.0,0.0,0.0,0.0,0.0,0.0,0.0,15845.982183912305,91.61877718118411,173.1285576090202,16019.110741521325,92.61977709139381,1.0009999102096936,1096,0,0,0,1095,0.7125912408759124,0.0,0.0,0.0,0.7132420091324201
129,0.0,0.0,1.5102600751820663,1.5102600751820663,0.013061688106829077,0.0065308440534145385,0.0,0.0,0.0,0.0,0.0,0.0,0.0,0.0,0.0,0.0,0.0,0.0,0.0,0.0,0.0,0.0,0.0,0.0,0.0,0.0,0.0,0.0,0.0,0.0,23607.142695012695,130.5865524929121,181.18677369752982,23788.329468710224,131.5888150894555,1.002262596543395,1096,0,0,0,1095,0.6386861313868614,0.0,0.0,0.0,0.639269406392694
130,0.0,0.0,1.6016653802638987,1.6016653802638987,0.014918588670979052,0.007459294335489526,0.0,0.0,0.0,0.0,0.0,0.0,0.0,0.0,0.0,0.0,0.0,0.0,0.0,0.0,0.0,0.0,0.0,0.0,0.0,0.0,0.0,0.0,0.0,0.0,22546.210788964185,129.33698509695407,172.8385285536648,22719.04931751785,130.3284782751633,0.9914931782092072,1096,0,0,0,1095,0.614963503649635,0.0,0.0,0.0,0.6155251141552511
131,0.0,0.0,1.5522845709674933,1.5522845709674933,0.012723334883519533,0.0063616674417597665,0.0,0.0,0.0,0.0,0.0,0.0,0.0,0.0,0.0,0.0,0.0,0.0,0.0,0.0,0.0,0.0,0.0,0.0,0.0,0.0,0.0,0.0,0.0,0.0,18776.058530945415,107.41994576416083,174.70538311893537,18950.76391406435,108.41945493955102,0.9995091753901785,1096,0,0,0,1095,0.6970802919708029,0.0,0.0,0.0,0.6977168949771689
132,0.0,0.0,1.5115396860705153,1.5115396860705153,0.012658514150076374,0.006329257075038187,0.0,0.0,0.0,0.0,0.0,0.0,0.0,0.0,0.0,0.0,0.0,0.0,0.0,0.0,0.0,0.0,0.0,0.0,0.0,0.0,0.0,0.0,0.0,0.0,21617.795219490683,126.19942616414208,170.61335794007124,21788.408577430753,127.19542541611767,0.9959992519755974,1096,0,0,0,1095,0.6961678832116789,0.0,0.0,0.0,0.6968036529680365
133,0.0,0.0,1.4630754577253045,1.4630754577253045,0.01276775487298232,0.00638387743649116,0.0,0.0,0.0,0.0,0.0,0.0,0.0,0.0,0.0,0.0,0.0,0.0,0.0,0.0,0.0,0.0,0.0,0.0,0.0,0.0,0.0,0.0,0.0,0.0,22767.58285849505,123.99674481617944,182.95525411470697,22950.538112609756,124.99315519923317,0.9964103830537299,1096,0,0,0,1095,0.6231751824817519,0.0,0.0,0.0,0.6237442922374429
134,0.0,0.0,1.567110273104215,1.567110273104215,0.014155102059533606,0.007077551029766803,0.0,0.0,0.0,0.0,0.0,0.0,0.0,0.0,0.0,0.0,0.0,0.0,0.0,0.0,0.0,0.0,0.0,0.0,0.0,0.0,0.0,0.0,0.0,0.0,22078.77117163064,133.19529151831392,165.74976073804106,22244.520932368683,134.1952152699112,0.999923751597252,1096,0,0,0,1095,0.666970802919708,0.0,0.0,0.0,0.6675799086757991
135,0.0,0.0,1.4664774326025412,1.4664774326025412,0.0128442421292206,0.0064221210646103,0.0,0.0,0.0,0.0,0.0,0.0,0.0,0.0,0.0,0.0,0.0,0.0,0.0,0.0,0.0,0.0,0.0,0.0,0.0,0.0,0.0,0.0,0.0,0.0,21501.920302044797,127.66992617909123,168.68528746116723,21670.60558950596,128.6715129162357,1.0015867371444942,1096,0,0,0,1095,0.677007299270073,0.0,0.0,0.0,0.6776255707762557
136,0.0,0.0,1.4733279245747386,1.4733279245747386,0.012354585530520828,0.006177292765260414,0.0,0.0,0.0,0.0,0.0,0.0,0.0,0.0,0.0,0.0,0.0,0.0,0.0,0.0,0.0,0.0,0.0,0.0,0.0,0.0,0.0,0.0,0.0,0.0,19266.493963949688,112.03003946024053,171.3736714833357,19437.867635433024,113.02653623929378,0.996496779053232,1096,0,0,0,1095,0.6925182481751825,0.0,0.0,0.0,0.6931506849315069
137,0.0,0.0,1.52538097771481,1.52538097771481,0.013486591737245594,0.006743295868622797,0.0,0.0,0.0,0.0,0.0,0.0,0.0,0.0,0.0,0.0,0.0,0.0,0.0,0.0,0.0,0.0,0.0,0.0,0.0,0.0,0.0,0.0,0.0,0.0,18077.62622079771,106.74949128636095,168.64305722089145,18246.269278018597,107.74533887981298,0.9958475934520359,1096,0,0,0,1095,0.666970802919708,0.0,0.0,0.0,0.6675799086757991
138,0.0,0.0,1.4587774210767064,1.4587774210767064,0.012439741581592237,0.006219870790796118,0.0,0.0,0.0,0.0,0.0,0.0,0.0,0.0,0.0,0.0,0.0,0.0,0.0,0.0,0.0,0.0,0.0,0.0,0.0,0.0,0.0,0.0,0.0,0.0,18423.080011127,109.2267423891555,168.04476295844088,18591.124774085438,110.22304604860997,0.9963036594544699,1096,0,0,0,1095,0.6943430656934306,0.0,0.0,0.0,0.6949771689497717
139,0.0,0.0,1.5104111633784316,1.5104111633784316,0.012704308231987503,0.0063521541159937515,0.0,0.0,0.0,0.0,0.0,0.0,0.0,0.0,0.0,0.0,0.0,0.0,0.0,0.0,0.0,0.0,0.0,0.0,0.0,0.0,0.0,0.0,0.0,0.0,20637.4444888105,122.2696022803139,168.9583123549729,20806.402801165474,123.27062087371564,1.0010185934017402,1096,0,0,0,1095,0.7034671532846716,0.0,0.0,0.0,0.7041095890410959
140,0.0,0.0,1.4263117880722118,1.4263117880722118,0.012126907790421209,0.006063453895210604,0.0,0.0,0.0,0.0,0.0,0.0,0.0,0.0,0.0,0.0,0.0,0.0,0.0,0.0,0.0,0.0,0.0,0.0,0.0,0.0,0.0,0.0,0.0,0.0,21841.308018700696,126.56811001411093,172.86393704172556,22014.171955742422,127.56983856362072,1.0017285495097843,1096,0,0,0,1095,0.6806569343065694,0.0,0.0,0.0,0.6812785388127854
141,0.0,0.0,1.4961821123197059,1.4961821123197059,0.012664542026846122,0.006332271013423061,0.0,0.0,0.0,0.0,0.0,0.0,0.0,0.0,0.0,0.0,0.0,0.0,0.0,0.0,0.0,0.0,0.0,0.0,0.0,0.0,0.0,0.0,0.0,0.0,19267.095876770618,112.34601889232889,172.13158346559402,19439.227460236212,113.34971442857767,1.0036955362487887,1096,0,0,0,1095,0.6879562043795621,0.0,0.0,0.0,0.6885844748858447
142,0.0,0.0,1.4755635202045232,1.4755635202045232,0.01327927656986976,0.00663963828493488,0.0,0.0,0.0,0.0,0.0,0.0,0.0,0.0,0.0,0.0,0.0,0.0,0.0,0.0,0.0,0.0,0.0,0.0,0.0,0.0,0.0,0.0,0.0,0.0,21064.633059660533,122.2867109338551,171.6900099136997,21236.323069574235,123.28342455108655,0.9967136172314441,1096,0,0,0,1095,0.6441605839416058,0.0,0.0,0.0,0.6447488584474886
143,0.0,0.0,1.5193357043116413,1.5193357043116413,0.0133160918274214,0.0066580459137107,0.0,0.0,0.0,0.0,0.0,0.0,0.0,0.0,0.0,0.0,0.0,0.0,0.0,0.0,0.0,0.0,0.0,0.0,0.0,0.0,0.0,0.0,0.0,0.0,25202.088262978934,136.4387337791109,184.31557436884154,25386.403837347774,137.43657901003942,0.9978452309285646,1096,0,0,0,1095,0.6167883211678832,0.0,0.0,0.0,0.617351598173516
144,0.0009951722216758414,8.900445352496771e-06,1.6123964078204203,1.6133915800420962,0.014429566337936394,0.007210332946291949,0.0,0.0,0.0,0.0,0.0,0.0,0.0,0.0,0.0,0.0,0.0,0.0,0.0,0.0,0.0,0.0,0.0,0.0,0.0,0.0,0.0,0.0,0.0,0.0,22755.026633854774,124.59562908654523,182.6971163215762,22937.72375017635,125.59599100686563,1.0003619203203873,1096,0,0,0,1095,0.6113138686131386,0.0,0.0,0.0,0.6118721461187214
145,0.0,0.0,1.4434449355324435,1.4434449355324435,0.013267766833812691,0.0066338834169063455,0.0,0.0,0.0,0.0,0.0,0.0,0.0,0.0,0.0,0.0,0.0,0.0,0.0,0.0,0.0,0.0,0.0,0.0,0.0,0.0,0.0,0.0,0.0,0.0,24570.4146244128,133.32261438197838,183.61258787413064,24754.02721228693,134.31892277249685,0.9963083905184557,1096,0,0,0,1095,0.5894160583941606,0.0,0.0,0.0,0.5899543378995433
146,0.0007702596689554026,6.529793847536502e-06,1.514741651969254,1.5155119116382094,0.012847589917182113,0.006420530061667288,0.0,0.0,0.0,0.0,0.0,0.0,0.0,0.0,0.0,0.0,0.0,0.0,0.0,0.0,0.0,0.0,0.0,0.0,0.0,0.0,0.0,0.0,0.0,0.0,22124.44358746801,123.38415171967452,179.40851778566469,22303.852105253674,124.3846816399301,1.0005299202555769,1096,0,0,0,1095,0.656934306569343,0.0,0.0,0.0,0.6575342465753424
147,0.0,0.0,1.5470267680312977,1.5470267680312977,0.013972758578716936,0.006986379289358468,0.0,0.0,0.0,0.0,0.0,0.0,0.0,0.0,0.0,0.0,0.0,0.0,0.0,0.0,0.0,0.0,0.0,0.0,0.0,0.0,0.0,0.0,0.0,0.0,23933.602579470426,136.28871460099222,173.52707285645332,24107.12965232688,137.27685592361806,0.9881413226258243,1096,0,0,0,1095,0.6295620437956204,0.0,0.0,0.0,0.6301369863013698
148,0.0,0.0,1.557665915837038,1.557665915837038,0.012980166078775099,0.0064900830393875494,0.0,0.0,0.0,0.0,0.0,0.0,0.0,0.0,0.0,0.0,0.0,0.0,0.0,0.0,0.0,0.0,0.0,0.0,0.0,0.0,0.0,0.0,0.0,0.0,20266.86166501662,111.25488235413884,181.62588141358898,20448.487546430206,112.25191713945122,0.9970347853123833,1096,0,0,0,1095,0.6578467153284672,0.0,0.0,0.0,0.6584474885844749
149,0.0,0.0,1.5176494864950645,1.5176494864950645,0.0124488925279729,0.00622444626398645,0.0,0.0,0.0,0.0,0.0,0.0,0.0,0.0,0.0,0.0,0.0,0.0,0.0,0.0,0.0,0.0,0.0,0.0,0.0,0.0,0.0,0.0,0.0,0.0,23123.292976614946,132.73752939535504,174.84401292083098,23298.136989535782,133.7412083405707,1.0036789452156196,1096,0,0,0,1095,0.698905109489051,0.0,0.0,0.0,0.6995433789954338
150,0.0,0.0,1.5914945745012925,1.5914945745012925,0.012256071675049036,0.006128035837524518,0.0,0.0,0.0,0.0,0.0,0.0,0.0,0.0,0.0,0.0,0.0,0.0,0.0,0.0,0.0,0.0,0.0,0.0,0.0,0.0,0.0,0.0,0.0,0.0,18227.285345242904,101.04959359269387,179.51423821886647,18406.799583461772,102.04479614055175,0.9952025478578884,1096,0,0,0,1095,0.718978102189781,0.0,0.0,0.0,0.719634703196347
151,0.0,0.0,1.5341425498477865,1.5341425498477865,0.013315537751919897,0.006657768875959948,0.0,0.0,0.0,0.0,0.0,0.0,0.0,0.0,0.0,0.0,0.0,0.0,0.0,0.0,0.0,0.0,0.0,0.0,0.0,0.0,0.0,0.0,0.0,0.0,22601.769294888836,130.66152973442223,172.81656519804554,22774.58586008688,131.66058766115415,0.9990579267319348,1096,0,0,0,1095,0.6651459854014599,0.0,0.0,0.0,0.6657534246575343
152,0.0,0.0,1.5174477558916817,1.5174477558916817,0.013223713639485452,0.006611856819742726,0.0,0.0,0.0,0.0,0.0,0.0,0.0,0.0,0.0,0.0,0.0,0.0,0.0,0.0,0.0,0.0,0.0,0.0,0.0,0.0,0.0,0.0,0.0,0.0,23930.4587196007,127.86433691950614,187.19978940016858,24117.65850900087,128.86457587119486,1.0002389516887265,1096,0,0,0,1095,0.6122262773722628,0.0,0.0,0.0,0.6127853881278539
153,0.0,0.0,1.540369859809881,1.540369859809881,0.013497110034272486,0.006748555017136243,0.0,0.0,0.0,0.0,0.0,0.0,0.0,0.0,0.0,0.0,0.0,0.0,0.0,0.0,0.0,0.0,0.0,0.0,0.0,0.0,0.0,0.0,0.0,0.0,19995.987238653255,114.30207507092673,174.96514903285305,20170.95238768611,115.30221971799322,1.0001446470664979,1096,0,0,0,1095,0.6514598540145985,0.0,0.0,0.0,0.6520547945205479
154,0.0,0.0,1.5421432298979305,1.5421432298979305,0.01384063259302859,0.006920316296514295,0.0,0.0,0.0,0.0,0.0,0.0,0.0,0.0,0.0,0.0,0.0,0.0,0.0,0.0,0.0,0.0,0.0,0.0,0.0,0.0,0.0,0.0,0.0,0.0,18918.880582960468,110.61507601990394,170.3589055699742,19089.239488530442,111.61113195501369,0.9960559351097474,1096,0,0,0,1095,0.6505474452554745,0.0,0.0,0.0,0.6511415525114155
155,0.0,0.0,1.4190499082058028,1.4190499082058028,0.011634064413756952,0.005817032206878476,0.0,0.0,0.0,0.0,0.0,0.0,0.0,0.0,0.0,0.0,0.0,0.0,0.0,0.0,0.0,0.0,0.0,0.0,0.0,0.0,0.0,0.0,0.0,0.0,13340.759081849432,83.1282777201226,159.95812083509645,13500.717202684531,84.12500084590484,0.996723125782244,1096,0,0,0,1095,0.7591240875912408,0.0,0.0,0.0,0.7598173515981735
156,0.0,0.0,1.5260697130312322,1.5260697130312322,0.013502348995369123,0.0067511744976845615,0.0,0.0,0.0,0.0,0.0,0.0,0.0,0.0,0.0,0.0,0.0,0.0,0.0,0.0,0.0,0.0,0.0,0.0,0.0,0.0,0.0,0.0,0.0,0.0,24694.312755011684,142.53692573615243,173.17430488770702,24867.487059899388,143.53649730876802,0.9995715726156167,1096,0,0,0,1095,0.6514598540145985,0.0,0.0,0.0,0.6520547945205479
157,0.0,0.0,1.4656361600503702,1.4656361600503702,0.012635841744123645,0.006317920872061822,0.0,0.0,0.0,0.0,0.0,0.0,0.0,0.0,0.0,0.0,0.0,0.0,0.0,0.0,0.0,0.0,0.0,0.0,0.0,0.0,0.0,0.0,0.0,0.0,18263.34794088085,107.46064512459259,170.61108788034346,18433.959028761194,108.46451241269213,1.003867288099534,1096,0,0,0,1095,0.6815693430656934,0.0,0.0,0.0,0.6821917808219178
158,0.0,0.0,1.4368549803056003,1.4368549803056003,0.012001932115911402,0.006000966057955701,0.0,0.0,0.0,0.0,0.0,0.0,0.0,0.0,0.0,0.0,0.0,0.0,0.0,0.0,0.0,0.0,0.0,0.0,0.0,0.0,0.0,0.0,0.0,0.0,21848.85263553074,121.88980739430446,179.7175081593845,22028.570143690125,122.89241072640385,1.0026033320993926,1096,0,0,0,1095,0.666970802919708,0.0,0.0,0.0,0.6675799086757991
159,0.0,0.0,1.4919071788576184,1.4919071788576184,0.012580646082898682,0.006290323041449341,0.0,0.0,0.0,0.0,0.0,0.0,0.0,0.0,0.0,0.0,0.0,0.0,0.0,0.0,0.0,0.0,0.0,0.0,0.0,0.0,0.0,0.0,0.0,0.0,21152.58075066893,120.43304539823292,175.75287712214106,21328.33362779107,121.43370127463947,1.0006558764065467,1096,0,0,0,1095,0.6742700729927007,0.0,0.0,0.0,0.6748858447488585
160,0.0,0.0,1.5316980625344396,1.5316980625344396,0.013253989731183998,0.006626994865591999,0.0,0.0,0.0,0.0,0.0,0.0,0.0,0.0,0.0,0.0,0.0,0.0,0.0,0.0,0.0,0.0,0.0,0.0,0.0,0.0,0.0,0.0,0.0,0.0,22887.736397257806,126.67291759326218,180.71180833602975,23068.448205593835,127.67307294319106,1.0001553499288776,1096,0,0,0,1095,0.6386861313868614,0.0,0.0,0.0,0.639269406392694
161,0.0,0.0,1.4984719740494004,1.4984719740494004,0.012082167702954292,0.006041083851477146,0.0,0.0,0.0,0.0,0.0,0.0,0.0,0.0,0.0,0.0,0.0,0.0,0.0,0.0,0.0,0.0,0.0,0.0,0.0,0.0,0.0,0.0,0.0,0.0,17823.900695476892,102.27819080301366,173.9202216971833,17997.820917174075,103.27619039486288,0.9979995918492192,1096,0,0,0,1095,0.7107664233576643,0.0,0.0,0.0,0.7114155251141553
162,0.0,0.0,1.6337169979753114,1.6337169979753114,0.013947470076639646,0.006973735038319823,0.0,0.0,0.0,0.0,0.0,0.0,0.0,0.0,0.0,0.0,0.0,0.0,0.0,0.0,0.0,0.0,0.0,0.0,0.0,0.0,0.0,0.0,0.0,0.0,21940.982365809417,121.51607286280462,180.3754171359754,22121.357782945393,122.51504875029768,0.9989758874930565,1096,0,0,0,1095,0.6478102189781022,0.0,0.0,0.0,0.6484018264840182
163,0.00034288353674168136,2.9137099825276115e-06,1.4566477528853259,1.4569906364220675,0.01238102068747175,0.006189053488744611,0.0,0.0,0.0,0.0,0.0,0.0,0.0,0.0,0.0,0.0,0.0,0.0,0.0,0.0,0.0,0.0,0.0,0.0,0.0,0.0,0.0,0.0,0.0,0.0,20514.22422728609,117.38175390552257,173.3369150036402,20687.561142289727,118.37358234974113,0.9918284442185563,1096,0,0,0,1095,0.6724452554744526,0.0,0.0,0.0,0.6730593607305936
164,0.0,0.0,1.50802021156426,1.50802021156426,0.013118461678395194,0.006559230839197597,0.0,0.0,0.0,0.0,0.0,0.0,0.0,0.0,0.0,0.0,0.0,0.0,0.0,0.0,0.0,0.0,0.0,0.0,0.0,0.0,0.0,0.0,0.0,0.0,22178.239268749832,118.99780620626034,183.69339630281672,22361.93266505265,119.98341696235913,0.9856107560987886,1096,0,0,0,1095,0.6158759124087592,0.0,0.0,0.0,0.6164383561643836
165,0.0,0.0,1.5659333336409473,1.5659333336409473,0.013843755613914911,0.006921877806957456,0.0,0.0,0.0,0.0,0.0,0.0,0.0,0.0,0.0,0.0,0.0,0.0,0.0,0.0,0.0,0.0,0.0,0.0,0.0,0.0,0.0,0.0,0.0,0.0,19534.576770766154,115.02625158249678,169.05533653152938,19703.632107297686,116.0217070714706,0.9954554889738051,1096,0,0,0,1095,0.6651459854014599,0.0,0.0,0.0,0.6657534246575343
166,0.0,0.0,1.4759430201659351,1.4759430201659351,0.013048908108133734,0.006524454054066867,0.0,0.0,0.0,0.0,0.0,0.0,0.0,0.0,0.0,0.0,0.0,0.0,0.0,0.0,0.0,0.0,0.0,0.0,0.0,0.0,0.0,0.0,0.0,0.0,21528.138084805578,126.07736344146085,169.45826629370345,21697.596351099284,127.069778639817,0.9924151983561588,1096,0,0,0,1095,0.6614963503649635,0.0,0.0,0.0,0.6621004566210046
167,0.0,0.0,1.531532974593373,1.531532974593373,0.012943606648485347,0.0064718033242426734,0.0,0.0,0.0,0.0,0.0,0.0,0.0,0.0,0.0,0.0,0.0,0.0,0.0,0.0,0.0,0.0,0.0,0.0,0.0,0.0,0.0,0.0,0.0,0.0,18726.97308927314,108.88231166681597,171.89824628789634,18898.871335561038,109.8817619430605,0.9994502762445249,1096,0,0,0,1095,0.6870437956204379,0.0,0.0,0.0,0.6876712328767123
168,0.0,0.0,1.4896392283542175,1.4896392283542175,0.012526832285241525,0.006263416142620762,0.0,0.0,0.0,0.0,0.0,0.0,0.0,0.0,0.0,0.0,0.0,0.0,0.0,0.0,0.0,0.0,0.0,0.0,0.0,0.0,0.0,0.0,0.0,0.0,20671.223969577277,117.36740988331368,176.31286894599407,20847.536838523272,118.36848194308833,1.0010720597746312,1096,0,0,0,1095,0.6742700729927007,0.0,0.0,0.0,0.6748858447488585
169,0.0,0.0,1.4836594660044287,1.4836594660044287,0.012232652190252219,0.006116326095126109,0.0,0.0,0.0,0.0,0.0,0.0,0.0,0.0,0.0,0.0,0.0,0.0,0.0,0.0,0.0,0.0,0.0,0.0,0.0,0.0,0.0,0.0,0.0,0.0,18091.0621963818,105.74526435096331,171.56613285661473,18262.628329238418,106.74809690306319,1.0028325520998798,1096,0,0,0,1095,0.708029197080292,0.0,0.0,0.0,0.708675799086758
170,0.0,0.0,1.4827471981509877,1.4827471981509877,0.012684610087759157,0.006342305043879578,0.0,0.0,0.0,0.0,0.0,0.0,0.0,0.0,0.0,0.0,0.0,0.0,0.0,0.0,0.0,0.0,0.0,0.0,0.0,0.0,0.0,0.0,0.0,0.0,23129.68267332827,131.79289272706094,175.68624463796536,23305.368917966232,132.7939526516699,1.0010599246089769,1096,0,0,0,1095,0.6651459854014599,0.0,0.0,0.0,0.6657534246575343
171,0.0,0.0,1.4655923402316207,1.4655923402316207,0.012894510667849919,0.0064472553339249596,0.0,0.0,0.0,0.0,0.0,0.0,0.0,0.0,0.0,0.0,0.0,0.0,0.0,0.0,0.0,0.0,0.0,0.0,0.0,0.0,0.0,0.0,0.0,0.0,19826.65181216015,115.23093108328149,171.8234443427944,19998.475256502945,116.22955534224049,0.9986242589590025,1096,0,0,0,1095,0.6596715328467153,0.0,0.0,0.0,0.6602739726027397
172,0.0,0.0,1.4585334818789228,1.4585334818789228,0.013112590530939602,0.006556295265469801,0.0,0.0,0.0,0.0,0.0,0.0,0.0,0.0,0.0,0.0,0.0,0.0,0.0,0.0,0.0,0.0,0.0,0.0,0.0,0.0,0.0,0.0,0.0,0.0,20433.37970858889,119.00359917418541,171.60358595784353,20604.98329454673,120.00301506384345,0.9994158896580487,1096,0,0,0,1095,0.6468978102189781,0.0,0.0,0.0,0.6474885844748859
173,0.0,0.0,1.547965586350385,1.547965586350385,0.013665758108828455,0.0068328790544142275,0.0,0.0,0.0,0.0,0.0,0.0,0.0,0.0,0.0,0.0,0.0,0.0,0.0,0.0,0.0,0.0,0.0,0.0,0.0,0.0,0.0,0.0,0.0,0.0,18872.13110234791,107.62572157927772,174.67991331738352,19046.811015665295,108.62190222333071,0.9961806440529731,1096,0,0,0,1095,0.6450729927007299,0.0,0.0,0.0,0.645662100456621
174,0.0,0.0,1.4779982161478542,1.4779982161478542,0.012651541893765033,0.0063257709468825165,0.0,0.0,0.0,0.0,0.0,0.0,0.0,0.0,0.0,0.0,0.0,0.0,0.0,0.0,0.0,0.0,0.0,0.0,0.0,0.0,0.0,0.0,0.0,0.0,22803.77653933806,127.52014350307029,179.02656365879304,22982.80310299685,128.521271235104,1.0011277320337013,1096,0,0,0,1095,0.6523722627737226,0.0,0.0,0.0,0.6529680365296804
175,0.0,0.0,1.4804297601861482,1.4804297601861482,0.012840332177903613,0.006420166088951807,0.0,0.0,0.0,0.0,0.0,0.0,0.0,0.0,0.0,0.0,0.0,0.0,0.0,0.0,0.0,0.0,0.0,0.0,0.0,0.0,0.0,0.0,0.0,0.0,20093.901685588593,114.8099079148915,174.31946149357745,20268.22114708217,115.80591165946068,0.9960037445691753,1096,0,0,0,1095,0.6578467153284672,0.0,0.0,0.0,0.6584474885844749
176,0.0,0.0,1.4582603084366947,1.4582603084366947,0.01238176828763616,0.00619088414381808,0.0,0.0,0.0,0.0,0.0,0.0,0.0,0.0,0.0,0.0,0.0,0.0,0.0,0.0,0.0,0.0,0.0,0.0,0.0,0.0,0.0,0.0,0.0,0.0,21693.705112133553,124.70236808061695,173.9333803148958,21867.63849244845,125.70219288239333,0.9998248017763754,1096,0,0,0,1095,0.676094890510949,0.0,0.0,0.0,0.6767123287671233
177,0.0,0.0,1.5513983495618981,1.5513983495618981,0.01343497027564058,0.00671748513782029,0.0,0.0,0.0,0.0,0.0,0.0,0.0,0.0,0.0,0.0,0.0,0.0,0.0,0.0,0.0,0.0,0.0,0.0,0.0,0.0,0.0,0.0,0.0,0.0,18836.190959480115,106.41478136837313,176.68200326656793,19012.872962746682,107.41294372454075,0.9981623561676263,1096,0,0,0,1095,0.6514598540145985,0.0,0.0,0.0,0.6520547945205479
178,0.0,0.0,1.4343853498556036,1.4343853498556036,0.012942201646361971,0.006471100823180986,0.0,0.0,0.0,0.0,0.0,0.0,0.0,0.0,0.0,0.0,0.0,0.0,0.0,0.0,0.0,0.0,0.0,0.0,0.0,0.0,0.0,0.0,0.0,0.0,24248.993261008836,133.35273962023015,182.33372681658636,24431.326987825425,134.3554493712884,1.0027097510582115,1096,0,0,0,1095,0.6085766423357665,0.0,0.0,0.0,0.6091324200913242
179,0.0,0.0,1.49916874389632,1.49916874389632,0.01272600380721673,0.006363001903608365,0.0,0.0,0.0,0.0,0.0,0.0,0.0,0.0,0.0,0.0,0.0,0.0,0.0,0.0,0.0,0.0,0.0,0.0,0.0,0.0,0.0,0.0,0.0,0.0,23352.049578986323,136.01093315120318,171.7822170000081,23523.83179598633,137.01145601982444,1.0005228686212728,1096,0,0,0,1095,0.6852189781021898,0.0,0.0,0.0,0.6858447488584475
180,0.0,0.0,1.5283641934879022,1.5283641934879022,0.012810224493224638,0.006405112246612319,0.0,0.0,0.0,0.0,0.0,0.0,0.0,0.0,0.0,0.0,0.0,0.0,0.0,0.0,0.0,0.0,0.0,0.0,0.0,0.0,0.0,0.0,0.0,0.0,22849.772423047343,133.8535767449241,171.46963458649884,23021.24205763384,134.85804293686735,1.0044661919432396,1096,0,0,0,1094,0.697992700729927,0.0,0.0,0.0,0.6992687385740403
181,0.0,0.0,1.5667454113108454,1.5667454113108454,0.01370734344631128,0.00685367172315564,0.0,0.0,0.0,0.0,0.0,0.0,0.0,0.0,0.0,0.0,0.0,0.0,0.0,0.0,0.0,0.0,0.0,0.0,0.0,0.0,0.0,0.0,0.0,0.0,20926.43767398781,121.94457187214284,171.09541890915654,21097.533092896967,122.94159572939002,0.9970238572471797,1096,0,0,0,1095,0.6651459854014599,0.0,0.0,0.0,0.6657534246575343
182,0.0,0.0,1.5044802628694838,1.5044802628694838,0.013130685780147361,0.006565342890073681,0.0,0.0,0.0,0.0,0.0,0.0,0.0,0.0,0.0,0.0,0.0,0.0,0.0,0.0,0.0,0.0,0.0,0.0,0.0,0.0,0.0,0.0,0.0,0.0,22314.041672423566,129.00460710686988,172.23393314152852,22486.275605565093,130.00034652519557,0.9957394183256694,1096,0,0,0,1095,0.6614963503649635,0.0,0.0,0.0,0.6621004566210046
183,0.0,0.0,1.4754786819291437,1.4754786819291437,0.01289675916772357,0.006448379583861785,0.0,0.0,0.0,0.0,0.0,0.0,0.0,0.0,0.0,0.0,0.0,0.0,0.0,0.0,0.0,0.0,0.0,0.0,0.0,0.0,0.0,0.0,0.0,0.0,20088.223005762495,116.1493073528675,173.00602581518294,20261.229031577677,117.14962132093433,1.0003139680668371,1096,0,0,0,1095,0.6605839416058394,0.0,0.0,0.0,0.6611872146118721
184,0.0,0.0,1.4910650288032223,1.4910650288032223,0.012452462876524658,0.006226231438262329,0.0,0.0,0.0,0.0,0.0,0.0,0.0,0.0,0.0,0.0,0.0,0.0,0.0,0.0,0.0,0.0,0.0,0.0,0.0,0.0,0.0,0.0,0.0,0.0,19058.22799027608,107.31861852240873,178.09720684772506,19236.325197123802,108.32150012353918,1.0028816011304653,1096,0,0,0,1095,0.6742700729927007,0.0,0.0,0.0,0.6748858447488585
185,0.0,0.0,1.4972035468757336,1.4972035468757336,0.013152332031043084,0.006576166015521542,0.0,0.0,0.0,0.0,0.0,0.0,0.0,0.0,0.0,0.0,0.0,0.0,0.0,0.0,0.0,0.0,0.0,0.0,0.0,0.0,0.0,0.0,0.0,0.0,21352.9645896143,122.54132300531577,175.10879288366357,21528.073382497965,123.54624497105841,1.0049219657426292,1096,0,0,0,1095,0.6523722627737226,0.0,0.0,0.0,0.6529680365296804
186,0.0,0.0,1.4857341484125437,1.4857341484125437,0.012762295253083443,0.0063811476265417215,0.0,0.0,0.0,0.0,0.0,0.0,0.0,0.0,0.0,0.0,0.0,0.0,0.0,0.0,0.0,0.0,0.0,0.0,0.0,0.0,0.0,0.0,0.0,0.0,21982.03615518188,121.80481593364944,180.79382794287707,22162.829983124753,122.80661389172126,1.0017979580718157,1096,0,0,0,1095,0.6441605839416058,0.0,0.0,0.0,0.6447488584474886
187,0.0,0.0,1.484959329467691,1.484959329467691,0.012398374793810634,0.006199187396905317,0.0,0.0,0.0,0.0,0.0,0.0,0.0,0.0,0.0,0.0,0.0,0.0,0.0,0.0,0.0,0.0,0.0,0.0,0.0,0.0,0.0,0.0,0.0,0.0,19705.298154300155,114.83759610058293,171.22628508786306,19876.524439388017,115.8354604726291,0.9978643720461704,1096,0,0,0,1095,0.6970802919708029,0.0,0.0,0.0,0.6977168949771689
188,0.0,0.0,1.5021836237142498,1.5021836237142498,0.012378200089960007,0.0061891000449800036,0.0,0.0,0.0,0.0,0.0,0.0,0.0,0.0,0.0,0.0,0.0,0.0,0.0,0.0,0.0,0.0,0.0,0.0,0.0,0.0,0.0,0.0,0.0,0.0,19734.440752592105,113.3553712226064,173.49767527180964,19907.93842786391,114.35194840628525,0.9965771836788416,1096,0,0,0,1095,0.6961678832116789,0.0,0.0,0.0,0.6968036529680365
189,0.0,0.0,1.4190611845017183,1.4190611845017183,0.012199871328579493,0.006099935664289746,0.0,0.0,0.0,0.0,0.0,0.0,0.0,0.0,0.0,0.0,0.0,0.0,0.0,0.0,0.0,0.0,0.0,0.0,0.0,0.0,0.0,0.0,0.0,0.0,22887.467999784803,127.64709216744241,179.3014492964801,23066.769449081283,128.64708520399495,0.9999930365525357,1096,0,0,0,1095,0.6478102189781022,0.0,0.0,0.0,0.6484018264840182
190,0.0,0.0,1.4725269180297915,1.4725269180297915,0.012656767558441785,0.006328383779220893,0.0,0.0,0.0,0.0,0.0,0.0,0.0,0.0,0.0,0.0,0.0,0.0,0.0,0.0,0.0,0.0,0.0,0.0,0.0,0.0,0.0,0.0,0.0,0.0,23468.008275523698,133.0649078936221,176.59849055970872,23644.60676608341,134.06623112500125,1.0013232313791631,1096,0,0,0,1095,0.6587591240875912,0.0,0.0,0.0,0.6593607305936073
191,0.0,0.0,1.4897703365762291,1.4897703365762291,0.013138478398454983,0.006569239199227491,0.0,0.0,0.0,0.0,0.0,0.0,0.0,0.0,0.0,0.0,0.0,0.0,0.0,0.0,0.0,0.0,0.0,0.0,0.0,0.0,0.0,0.0,0.0,0.0,22101.562226126236,123.60128094999259,178.2957896145857,22279.85801574082,124.59838639253468,0.9971054425420917,1096,0,0,0,1095,0.6332116788321168,0.0,0.0,0.0,0.6337899543378995
192,0.0,0.0,1.4635277014782686,1.4635277014782686,0.012200720943861938,0.006100360471930969,0.0,0.0,0.0,0.0,0.0,0.0,0.0,0.0,0.0,0.0,0.0,0.0,0.0,0.0,0.0,0.0,0.0,0.0,0.0,0.0,0.0,0.0,0.0,0.0,16994.721385044748,99.9234765651981,169.14064474901207,17163.86202979376,100.91796896486011,0.9944923996620084,1096,0,0,0,1095,0.7043795620437956,0.0,0.0,0.0,0.7050228310502283
193,0.0,0.0,1.5041087437748613,1.5041087437748613,0.013592060371821871,0.006796030185910936,0.0,0.0,0.0,0.0,0.0,0.0,0.0,0.0,0.0,0.0,0.0,0.0,0.0,0.0,0.0,0.0,0.0,0.0,0.0,0.0,0.0,0.0,0.0,0.0,22639.304756385092,132.7174996793147,170.31633248568494,22809.621088870776,133.71593837013515,0.9984386908204776,1096,0,0,0,1095,0.6478102189781022,0.0,0.0,0.0,0.6484018264840182
194,0.0,0.0,1.5116510145605522,1.5116510145605522,0.013336757305741237,0.006668378652870619,0.0,0.0,0.0,0.0,0.0,0.0,0.0,0.0,0.0,0.0,0.0,0.0,0.0,0.0,0.0,0.0,0.0,0.0,0.0,0.0,0.0,0.0,0.0,0.0,21726.72057990706,119.27974662781473,181.86178380395083,21908.582363711015,120.27816824481104,0.9984216169963035,1096,0,0,0,1095,0.6213503649635036,0.0,0.0,0.0,0.6219178082191781
195,0.0,0.0,1.5092877524305501,1.5092877524305501,0.013491708657863293,0.006745854328931647,0.0,0.0,0.0,0.0,0.0,0.0,0.0,0.0,0.0,0.0,0.0,0.0,0.0,0.0,0.0,0.0,0.0,0.0,0.0,0.0,0.0,0.0,0.0,0.0,22256.160135160848,129.24524778095858,172.19963861227694,22428.35977377313,130.24523991010733,0.99999212914876,1096,0,0,0,1095,0.6487226277372263,0.0,0.0,0.0,0.6493150684931507
196,0.0,0.0,1.4689977506437868,1.4689977506437868,0.01356494193352419,0.006782470966762095,0.0,0.0,0.0,0.0,0.0,0.0,0.0,0.0,0.0,0.0,0.0,0.0,0.0,0.0,0.0,0.0,0.0,0.0,0.0,0.0,0.0,0.0,0.0,0.0,20792.36649412818,121.75168496889685,173.38371856142132,20965.7502126896,122.76694986849294,1.015264899596085,1096,0,0,0,1095,0.6332116788321168,0.0,0.0,0.0,0.6337899543378995
197,0.0,0.0,1.4756919557745773,1.4756919557745773,0.013011857021592266,0.006505928510796133,0.0,0.0,0.0,0.0,0.0,0.0,0.0,0.0,0.0,0.0,0.0,0.0,0.0,0.0,0.0,0.0,0.0,0.0,0.0,0.0,0.0,0.0,0.0,0.0,19739.386647254585,115.61070556580303,170.86205459327272,19910.24870184786,116.6114196730318,1.000714107228777,1096,0,0,0,1095,0.6633211678832117,0.0,0.0,0.0,0.6639269406392694
198,0.0,0.0,1.5704071191399025,1.5704071191399025,0.0134951516231185,0.00674757581155925,0.0,0.0,0.0,0.0,0.0,0.0,0.0,0.0,0.0,0.0,0.0,0.0,0.0,0.0,0.0,0.0,0.0,0.0,0.0,0.0,0.0,0.0,0.0,0.0,19474.93487601082,111.31623302017536,175.20957001786903,19650.144446028688,112.31770847812405,1.0014754579486893,1096,0,0,0,1095,0.6642335766423357,0.0,0.0,0.0,0.6648401826484018
199,0.0,0.0,1.544499290463518,1.544499290463518,0.013229807200073461,0.0066149036000367305,0.0,0.0,0.0,0.0,0.0,0.0,0.0,0.0,0.0,0.0,0.0,0.0,0.0,0.0,0.0,0.0,0.0,0.0,0.0,0.0,0.0,0.0,0.0,0.0,21397.727321531773,122.58204757944861,174.67226030963403,21572.399581841404,123.58269979836626,1.0006522189176408,1096,0,0,0,1095,0.6678832116788321,0.0,0.0,0.0,0.6684931506849315
200,0.0,0.0,1.5460901701240772,1.5460901701240772,0.013268914588331088,0.006634457294165544,0.0,0.0,0.0,0.0,0.0,0.0,0.0,0.0,0.0,0.0,0.0,0.0,0.0,0.0,0.0,0.0,0.0,0.0,0.0,0.0,0.0,0.0,0.0,0.0,22841.420726168766,135.21813271006675,168.59751616466005,23010.01824233343,136.21620728645345,0.9980745763866714,1096,0,0,0,1095,0.6888686131386861,0.0,0.0,0.0,0.6894977168949772
201,0.0,0.0,1.524082687860951,1.524082687860951,0.013373229188342689,0.0066866145941713445,0.0,0.0,0.0,0.0,0.0,0.0,0.0,0.0,0.0,0.0,0.0,0.0,0.0,0.0,0.0,0.0,0.0,0.0,0.0,0.0,0.0,0.0,0.0,0.0,20662.14281276267,119.59991189761219,172.31612953756547,20834.458942300236,120.59733961350719,0.9974277158950096,1096,0,0,0,1095,0.6587591240875912,0.0,0.0,0.0,0.6593607305936073
202,0.0,0.0,1.436246928294675,1.436246928294675,0.012179443914306932,0.006089721957153466,0.0,0.0,0.0,0.0,0.0,0.0,0.0,0.0,0.0,0.0,0.0,0.0,0.0,0.0,0.0,0.0,0.0,0.0,0.0,0.0,0.0,0.0,0.0,0.0,21392.925405145677,123.81109584468928,172.75231835558924,21565.677723501267,124.81089617308061,0.9998003283913421,1096,0,0,0,1095,0.6815693430656934,0.0,0.0,0.0,0.6821917808219178
203,0.0,0.0,1.5325661622016005,1.5325661622016005,0.013823740028493636,0.006911870014246818,0.0,0.0,0.0,0.0,0.0,0.0,0.0,0.0,0.0,0.0,0.0,0.0,0.0,0.0,0.0,0.0,0.0,0.0,0.0,0.0,0.0,0.0,0.0,0.0,19730.88631976685,114.80525812388812,171.82562571916057,19902.71194548601,115.80503507223658,0.9997769483484569,1096,0,0,0,1095,0.6441605839416058,0.0,0.0,0.0,0.6447488584474886
204,0.0,0.0,1.4943480041615502,1.4943480041615502,0.01311051576833763,0.006555257884168815,0.0,0.0,0.0,0.0,0.0,0.0,0.0,0.0,0.0,0.0,0.0,0.0,0.0,0.0,0.0,0.0,0.0,0.0,0.0,0.0,0.0,0.0,0.0,0.0,22659.598858236015,134.04608392919238,169.56193942145364,22829.160797657467,135.04915172863065,1.0030677994382733,1096,0,0,0,1095,0.6733576642335767,0.0,0.0,0.0,0.673972602739726
205,0.0,0.0,1.500618565160235,1.500618565160235,0.012984914133078375,0.0064924570665391874,0.0,0.0,0.0,0.0,0.0,0.0,0.0,0.0,0.0,0.0,0.0,0.0,0.0,0.0,0.0,0.0,0.0,0.0,0.0,0.0,0.0,0.0,0.0,0.0,20346.616808856557,118.87270313731307,170.9099180147143,20517.52672687127,119.87122412673585,0.9985209894227816,1096,0,0,0,1095,0.6742700729927007,0.0,0.0,0.0,0.6748858447488585
206,0.0,0.0,1.4811714968660727,1.4811714968660727,0.013366016357013307,0.006683008178506654,0.0,0.0,0.0,0.0,0.0,0.0,0.0,0.0,0.0,0.0,0.0,0.0,0.0,0.0,0.0,0.0,0.0,0.0,0.0,0.0,0.0,0.0,0.0,0.0,23784.934892682184,136.1046175727603,174.78236854694245,23959.717261229125,137.10477534224245,1.0001577694821364,1096,0,0,0,1095,0.6332116788321168,0.0,0.0,0.0,0.6337899543378995
207,0.0,0.0,1.5373612314004024,1.5373612314004024,0.013024932311226981,0.006512466155613491,0.0,0.0,0.0,0.0,0.0,0.0,0.0,0.0,0.0,0.0,0.0,0.0,0.0,0.0,0.0,0.0,0.0,0.0,0.0,0.0,0.0,0.0,0.0,0.0,19956.293557197307,118.01312612153002,169.34828936135744,20125.641846558665,119.01458067387897,1.0014545523489484,1096,0,0,0,1095,0.6970802919708029,0.0,0.0,0.0,0.6977168949771689
208,0.0,0.0,1.4306264519471061,1.4306264519471061,0.012000628398248067,0.006000314199124034,0.0,0.0,0.0,0.0,0.0,0.0,0.0,0.0,0.0,0.0,0.0,0.0,0.0,0.0,0.0,0.0,0.0,0.0,0.0,0.0,0.0,0.0,0.0,0.0,19461.60586436766,113.79920145934362,171.05882223560187,19632.66468660326,114.7994456071623,1.0002441478186725,1096,0,0,0,1095,0.6961678832116789,0.0,0.0,0.0,0.6968036529680365
209,0.0,0.0,1.5342417138748754,1.5342417138748754,0.013046249869272912,0.006523124934636456,0.0,0.0,0.0,0.0,0.0,0.0,0.0,0.0,0.0,0.0,0.0,0.0,0.0,0.0,0.0,0.0,0.0,0.0,0.0,0.0,0.0,0.0,0.0,0.0,17812.89292663759,100.88780401829557,177.67172796670775,17990.564654604295,101.89409258380377,1.0062885655081908,1096,0,0,0,1095,0.6651459854014599,0.0,0.0,0.0,0.6657534246575343
210,0.0,0.0,1.4125598428675232,1.4125598428675232,0.01200471432921416,0.00600235716460708,0.0,0.0,0.0,0.0,0.0,0.0,0.0,0.0,0.0,0.0,0.0,0.0,0.0,0.0,0.0,0.0,0.0,0.0,0.0,0.0,0.0,0.0,0.0,0.0,21617.16889921884,126.05238764225925,171.59951253020841,21788.768411749046,127.05300564055143,1.0006179982921908,1096,0,0,0,1095,0.6852189781021898,0.0,0.0,0.0,0.6858447488584475
211,0.0,0.0,1.4530986076039594,1.4530986076039594,0.013044882472596778,0.006522441236298389,0.0,0.0,0.0,0.0,0.0,0.0,0.0,0.0,0.0,0.0,0.0,0.0,0.0,0.0,0.0,0.0,0.0,0.0,0.0,0.0,0.0,0.0,0.0,0.0,23282.128336250877,129.10583695725174,181.57154013130315,23463.69987638218,130.11270133484257,1.0068643775908321,1096,0,0,0,1095,0.6167883211678832,0.0,0.0,0.0,0.617351598173516
212,0.0,0.0,1.519559749146852,1.519559749146852,0.013187678340624159,0.006593839170312079,0.0,0.0,0.0,0.0,0.0,0.0,0.0,0.0,0.0,0.0,0.0,0.0,0.0,0.0,0.0,0.0,0.0,0.0,0.0,0.0,0.0,0.0,0.0,0.0,21113.63936278725,121.37793100712376,173.80649696134182,21287.44585974859,122.37710848829008,0.9991774811663099,1096,0,0,0,1094,0.6614963503649635,0.0,0.0,0.0,0.6627056672760512
213,0.0,0.0,1.4830520526054622,1.4830520526054622,0.013513920627126084,0.006756960313563042,0.0,0.0,0.0,0.0,0.0,0.0,0.0,0.0,0.0,0.0,0.0,0.0,0.0,0.0,0.0,0.0,0.0,0.0,0.0,0.0,0.0,0.0,0.0,0.0,23025.036118365762,128.64236288679808,179.54830591038086,23204.584424276145,129.64551086041664,1.003147973618572,1096,0,0,0,1095,0.6122262773722628,0.0,0.0,0.0,0.6127853881278539
214,0.0,0.0,1.5269559951274227,1.5269559951274227,0.012858402762794686,0.006429201381397343,0.0,0.0,0.0,0.0,0.0,0.0,0.0,0.0,0.0,0.0,0.0,0.0,0.0,0.0,0.0,0.0,0.0,0.0,0.0,0.0,0.0,0.0,0.0,0.0,22586.077155051975,128.76406009287768,175.97076867819095,22762.047923730162,129.76727594471055,1.003215851832873,1096,0,0,0,1095,0.676094890510949,0.0,0.0,0.0,0.6767123287671233
215,0.0,0.0,1.4670861265427926,1.4670861265427926,0.012348512250442034,0.006174256125221017,0.0,0.0,0.0,0.0,0.0,0.0,0.0,0.0,0.0,0.0,0.0,0.0,0.0,0.0,0.0,0.0,0.0,0.0,0.0,0.0,0.0,0.0,0.0,0.0,20607.950185697722,116.32434278779758,176.90133175593422,20784.85151745366,117.32288611546325,0.998543327665681,1096,0,0,0,1095,0.6697080291970803,0.0,0.0,0.0,0.6703196347031963
216,0.0,0.0,1.5733802013633005,1.5733802013633005,0.013147200615484685,0.006573600307742343,0.0,0.0,0.0,0.0,0.0,0.0,0.0,0.0,0.0,0.0,0.0,0.0,0.0,0.0,0.0,0.0,0.0,0.0,0.0,0.0,0.0,0.0,0.0,0.0,20240.71860444859,113.42331107327814,179.49520111585426,20420.213805564446,114.42915184554448,1.0058407722663358,1096,0,0,0,1095,0.6697080291970803,0.0,0.0,0.0,0.6703196347031963
217,0.0,0.0,1.494558369723972,1.494558369723972,0.012908055496365176,0.006454027748182588,0.0,0.0,0.0,0.0,0.0,0.0,0.0,0.0,0.0,0.0,0.0,0.0,0.0,0.0,0.0,0.0,0.0,0.0,0.0,0.0,0.0,0.0,0.0,0.0,19805.528023770334,111.43510481978598,177.9234833767707,19983.451507147103,112.43618502306032,1.0010802032743524,1096,0,0,0,1095,0.6505474452554745,0.0,0.0,0.0,0.6511415525114155
218,0.000665559270249231,5.830765234100213e-06,1.4987096818804948,1.499375241150744,0.013135576979791128,0.006564873107278514,0.0,0.0,0.0,0.0,0.0,0.0,0.0,0.0,0.0,0.0,0.0,0.0,0.0,0.0,0.0,0.0,0.0,0.0,0.0,0.0,0.0,0.0,0.0,0.0,19988.800255420734,116.15807432086929,171.95296429481874,20160.753219715552,117.15732014608257,0.9992458252132812,1096,0,0,0,1095,0.6624087591240876,0.0,0.0,0.0,0.663013698630137
219,0.00027089165931526763,2.443750654119504e-06,1.5312505318927188,1.531521423552034,0.013816063920401326,0.006906810084873603,0.0,0.0,0.0,0.0,0.0,0.0,0.0,0.0,0.0,0.0,0.0,0.0,0.0,0.0,0.0,0.0,0.0,0.0,0.0,0.0,0.0,0.0,0.0,0.0,22794.264796651405,131.1455226556807,173.13978818690933,22967.404584838314,132.14167270556527,0.996150049884556,1096,0,0,0,1095,0.6368613138686131,0.0,0.0,0.0,0.6374429223744292
220,0.0,0.0,1.5073966449290706,1.5073966449290706,0.013524939129893717,0.0067624695649468585,0.0,0.0,0.0,0.0,0.0,0.0,0.0,0.0,0.0,0.0,0.0,0.0,0.0,0.0,0.0,0.0,0.0,0.0,0.0,0.0,0.0,0.0,0.0,0.0,19899.454726485124,116.15233020548149,171.6855718405797,20071.140298325703,117.15445209806795,1.0021218925864641,1096,0,0,0,1095,0.6496350364963503,0.0,0.0,0.0,0.6502283105022831
221,0.0,0.0,1.6072343615470266,1.6072343615470266,0.013448243760096887,0.006724121880048443,0.0,0.0,0.0,0.0,0.0,0.0,0.0,0.0,0.0,0.0,0.0,0.0,0.0,0.0,0.0,0.0,0.0,0.0,0.0,0.0,0.0,0.0,0.0,0.0,23541.266115781233,135.511755717535,173.65549201633488,23714.921607797565,136.51137742426008,0.9996217067250543,1096,0,0,0,1095,0.6870437956204379,0.0,0.0,0.0,0.6876712328767123
222,0.0,0.0,1.3855345636132759,1.3855345636132759,0.012357464148415877,0.0061787320742079386,0.0,0.0,0.0,0.0,0.0,0.0,0.0,0.0,0.0,0.0,0.0,0.0,0.0,0.0,0.0,0.0,0.0,0.0,0.0,0.0,0.0,0.0,0.0,0.0,23784.61415854683,136.26057288193812,174.81038151889715,23959.424540065727,137.26205066806887,1.00147778613073,1096,0,0,0,1095,0.6414233576642335,0.0,0.0,0.0,0.6420091324200913
223,0.0,0.0,1.5827209896284657,1.5827209896284657,0.013537434583803054,0.006768717291901527,0.0,0.0,0.0,0.0,0.0,0.0,0.0,0.0,0.0,0.0,0.0,0.0,0.0,0.0,0.0,0.0,0.0,0.0,0.0,0.0,0.0,0.0,0.0,0.0,22846.62866404067,125.34265884287767,182.37641661767762,23029.00508065835,126.34322419128182,1.00056534840415,1096,0,0,0,1095,0.6405109489051095,0.0,0.0,0.0,0.6410958904109589
224,0.0,0.0,1.4789458774906392,1.4789458774906392,0.01310837842239758,0.00655418921119879,0.0,0.0,0.0,0.0,0.0,0.0,0.0,0.0,0.0,0.0,0.0,0.0,0.0,0.0,0.0,0.0,0.0,0.0,0.0,0.0,0.0,0.0,0.0,0.0,18464.42858716982,109.60189605448063,168.59369806197438,18633.022285231797,110.60264129190806,1.0007452374274257,1096,0,0,0,1095,0.6687956204379562,0.0,0.0,0.0,0.6694063926940639
225,0.0,0.0,1.4094845869705763,1.4094845869705763,0.012047700467347433,0.0060238502336737165,0.0,0.0,0.0,0.0,0.0,0.0,0.0,0.0,0.0,0.0,0.0,0.0,0.0,0.0,0.0,0.0,0.0,0.0,0.0,0.0,0.0,0.0,0.0,0.0,19313.462319153616,111.16031649417737,172.52095998110016,19485.983279134718,112.15327592301885,0.9929594288414892,1096,0,0,0,1095,0.6724452554744526,0.0,0.0,0.0,0.6730593607305936
226,0.0,0.0,1.5329019412591565,1.5329019412591565,0.012981104871734362,0.006490552435867181,0.0,0.0,0.0,0.0,0.0,0.0,0.0,0.0,0.0,0.0,0.0,0.0,0.0,0.0,0.0,0.0,0.0,0.0,0.0,0.0,0.0,0.0,0.0,0.0,19316.720226528316,118.5060772105766,163.02659913498806,19479.746825663304,119.506228505305,1.0001512947284026,1096,0,0,0,1095,0.7235401459854015,0.0,0.0,0.0,0.7242009132420091
227,0.00027160131352117463,2.3989279264742486e-06,1.4384396591103086,1.4387112604238297,0.012707466602493491,0.006352533837283509,0.0,0.0,0.0,0.0,0.0,0.0,0.0,0.0,0.0,0.0,0.0,0.0,0.0,0.0,0.0,0.0,0.0,0.0,0.0,0.0,0.0,0.0,0.0,0.0,22318.568700277567,126.98306948603867,176.28736355680653,22494.856063834373,127.9860688645681,1.0029993785294182,1096,0,0,0,1095,0.6432481751824818,0.0,0.0,0.0,0.6438356164383562
228,0.0,0.0,1.5260710947598266,1.5260710947598266,0.013447935115550357,0.0067239675577751784,0.0,0.0,0.0,0.0,0.0,0.0,0.0,0.0,0.0,0.0,0.0,0.0,0.0,0.0,0.0,0.0,0.0,0.0,0.0,0.0,0.0,0.0,0.0,0.0,23925.50258538144,137.73501991728378,173.88953084232733,24099.392116223768,138.73607215886173,1.0010522415779481,1096,0,0,0,1095,0.6523722627737226,0.0,0.0,0.0,0.6529680365296804
229,0.0,0.0,1.5726996332182115,1.5726996332182115,0.014342269208058655,0.0071711346040293274,0.0,0.0,0.0,0.0,0.0,0.0,0.0,0.0,0.0,0.0,0.0,0.0,0.0,0.0,0.0,0.0,0.0,0.0,0.0,0.0,0.0,0.0,0.0,0.0,24949.80142794203,138.67720703695971,179.1064977368796,25128.907925678912,139.67272553597692,0.9955184990171985,1096,0,0,0,1095,0.6085766423357665,0.0,0.0,0.0,0.6091324200913242
230,0.0,0.0,1.432491025356044,1.432491025356044,0.012254449484906655,0.006127224742453328,0.0,0.0,0.0,0.0,0.0,0.0,0.0,0.0,0.0,0.0,0.0,0.0,0.0,0.0,0.0,0.0,0.0,0.0,0.0,0.0,0.0,0.0,0.0,0.0,20364.788109630586,113.17518976384919,180.11638878232537,20544.90449841291,114.1761678427902,1.000978078941018,1096,0,0,0,1095,0.6487226277372263,0.0,0.0,0.0,0.6493150684931507
231,0.0,0.0,1.502157783998748,1.502157783998748,0.012397569824648963,0.006198784912324481,0.0,0.0,0.0,0.0,0.0,0.0,0.0,0.0,0.0,0.0,0.0,0.0,0.0,0.0,0.0,0.0,0.0,0.0,0.0,0.0,0.0,0.0,0.0,0.0,22734.525392018553,125.82985251927728,180.72565909400768,22915.25105111256,126.83012336892658,1.0002708496493082,1096,0,0,0,1095,0.6697080291970803,0.0,0.0,0.0,0.6703196347031963
232,0.0,0.0,1.4188640078235293,1.4188640078235293,0.012316150390621066,0.006158075195310533,0.0,0.0,0.0,0.0,0.0,0.0,0.0,0.0,0.0,0.0,0.0,0.0,0.0,0.0,0.0,0.0,0.0,0.0,0.0,0.0,0.0,0.0,0.0,0.0,19248.55222386643,114.6408948494576,167.957411579667,19416.509635446095,115.64121880817162,1.000323958714023,1096,0,0,0,1095,0.6852189781021898,0.0,0.0,0.0,0.6858447488584475
233,5.21155536501077e-05,4.335242598663442e-07,1.4195742168034022,1.4196263323570524,0.01180918961647819,0.0059043780461091626,0.0,0.0,0.0,0.0,0.0,0.0,0.0,0.0,0.0,0.0,0.0,0.0,0.0,0.0,0.0,0.0,0.0,0.0,0.0,0.0,0.0,0.0,0.0,0.0,17581.58279971685,102.75055844375964,171.13681083625224,17752.7196105531,103.75071884365221,1.0001603998925608,1096,0,0,0,1095,0.7016423357664233,0.0,0.0,0.0,0.7022831050228311
234,0.0,0.0,1.533914550180976,1.533914550180976,0.013262060886252649,0.006631030443126324,0.0,0.0,0.0,0.0,0.0,0.0,0.0,0.0,0.0,0.0,0.0,0.0,0.0,0.0,0.0,0.0,0.0,0.0,0.0,0.0,0.0,0.0,0.0,0.0,17984.867575943026,108.67641669084443,165.82629567020211,18150.693871613228,109.67844840058356,1.0020317097391314,1096,0,0,0,1095,0.697992700729927,0.0,0.0,0.0,0.6986301369863014
235,0.0,0.0,1.4742520909561725,1.4742520909561725,0.012277336048832951,0.006138668024416476,0.0,0.0,0.0,0.0,0.0,0.0,0.0,0.0,0.0,0.0,0.0,0.0,0.0,0.0,0.0,0.0,0.0,0.0,0.0,0.0,0.0,0.0,0.0,0.0,22702.170402165102,127.9950343263343,176.9831226641293,22879.15352482923,128.99286671236982,0.9978323860355067,1096,0,0,0,1095,0.676094890510949,0.0,0.0,0.0,0.6767123287671233
236,0.0,0.0,1.5452470318481666,1.5452470318481666,0.013634926837954187,0.006817463418977094,0.0,0.0,0.0,0.0,0.0,0.0,0.0,0.0,0.0,0.0,0.0,0.0,0.0,0.0,0.0,0.0,0.0,0.0,0.0,0.0,0.0,0.0,0.0,0.0,20296.649542181276,122.88150824855458,165.5522043541462,20462.201746535422,123.88380690492306,1.0022986563684892,1096,0,0,0,1095,0.6852189781021898,0.0,0.0,0.0,0.6858447488584475
237,0.0,0.0,1.5117175109599044,1.5117175109599044,0.01336328078274862,0.00668164039137431,0.0,0.0,0.0,0.0,0.0,0.0,0.0,0.0,0.0,0.0,0.0,0.0,0.0,0.0,0.0,0.0,0.0,0.0,0.0,0.0,0.0,0.0,0.0,0.0,21865.05976593427,120.9780779350077,180.28165042801194,22045.341416362284,121.97556560662669,0.9974876716189904,1096,0,0,0,1095,0.625,0.0,0.0,0.0,0.6255707762557078
238,0.0009837926970454897,8.316371988531634e-06,1.4869911044781154,1.4879748971751607,0.012578414936062038,0.006285049282036753,0.0,0.0,0.0,0.0,0.0,0.0,0.0,0.0,0.0,0.0,0.0,0.0,0.0,0.0,0.0,0.0,0.0,0.0,0.0,0.0,0.0,0.0,0.0,0.0,23265.847451532565,130.09980368042426,178.84999543740273,23444.697446969967,131.09991121328434,1.0001075328600653,1096,0,0,0,1095,0.6605839416058394,0.0,0.0,0.0,0.6611872146118721
239,0.0,0.0,1.4745276776069067,1.4745276776069067,0.01298599416665894,0.00649299708332947,0.0,0.0,0.0,0.0,0.0,0.0,0.0,0.0,0.0,0.0,0.0,0.0,0.0,0.0,0.0,0.0,0.0,0.0,0.0,0.0,0.0,0.0,0.0,0.0,23086.06756564115,135.23503292716615,170.58798412278594,23256.65554976394,136.23431405567493,0.9992811285087808,1096,0,0,0,1095,0.6642335766423357,0.0,0.0,0.0,0.6648401826484018
240,0.0,0.0,1.4855375011635739,1.4855375011635739,0.013001897874605154,0.006500948937302577,0.0,0.0,0.0,0.0,0.0,0.0,0.0,0.0,0.0,0.0,0.0,0.0,0.0,0.0,0.0,0.0,0.0,0.0,0.0,0.0,0.0,0.0,0.0,0.0,21594.37848814054,121.91936709528586,176.85781173279366,21771.236299873337,122.91788587572502,0.9985187804391461,1096,0,0,0,1095,0.6441605839416058,0.0,0.0,0.0,0.6447488584474886
241,0.0,0.0,1.5699135491334135,1.5699135491334135,0.013718557997858235,0.006859278998929117,0.0,0.0,0.0,0.0,0.0,0.0,0.0,0.0,0.0,0.0,0.0,0.0,0.0,0.0,0.0,0.0,0.0,0.0,0.0,0.0,0.0,0.0,0.0,0.0,21868.57388374194,128.15335291505082,170.66049109198022,22039.234374833923,129.1534507842505,1.0000978691996956,1096,0,0,0,1095,0.6697080291970803,0.0,0.0,0.0,0.6703196347031963
242,0.0,0.0,1.419452215100772,1.419452215100772,0.012811124604672075,0.006405562302336037,0.0,0.0,0.0,0.0,0.0,0.0,0.0,0.0,0.0,0.0,0.0,0.0,0.0,0.0,0.0,0.0,0.0,0.0,0.0,0.0,0.0,0.0,0.0,0.0,22196.093146806124,122.64645029141275,180.95293564722257,22377.046082453347,123.64632153362439,0.9998712422116393,1096,0,0,0,1095,0.6113138686131386,0.0,0.0,0.0,0.6118721461187214
243,0.0,0.0,1.4098595106326273,1.4098595106326273,0.012505013881334763,0.006252506940667381,0.0,0.0,0.0,0.0,0.0,0.0,0.0,0.0,0.0,0.0,0.0,0.0,0.0,0.0,0.0,0.0,0.0,0.0,0.0,0.0,0.0,0.0,0.0,0.0,22368.65650030788,128.52749250943626,174.09557595944247,22542.752076267323,129.52782383620797,1.000331326771693,1096,0,0,0,1095,0.6468978102189781,0.0,0.0,0.0,0.6474885844748859
244,0.0008911410904061185,7.88747279900325e-06,1.5706585344469524,1.5715496755373584,0.01390975621204302,0.006950934369622009,0.0,0.0,0.0,0.0,0.0,0.0,0.0,0.0,0.0,0.0,0.0,0.0,0.0,0.0,0.0,0.0,0.0,0.0,0.0,0.0,0.0,0.0,0.0,0.0,20288.433799532373,114.52664776524425,176.33490064147057,20464.76870017384,115.52204471180157,0.9953969465573296,1096,0,0,0,1095,0.6368613138686131,0.0,0.0,0.0,0.6374429223744292
245,0.0,0.0,1.4390745352880485,1.4390745352880485,0.011885911127054083,0.005942955563527042,0.0,0.0,0.0,0.0,0.0,0.0,0.0,0.0,0.0,0.0,0.0,0.0,0.0,0.0,0.0,0.0,0.0,0.0,0.0,0.0,0.0,0.0,0.0,0.0,23235.575734150483,125.0231065303174,185.5855470911146,23421.1612812416,126.021682244125,0.9985757138075908,1096,0,0,0,1095,0.6505474452554745,0.0,0.0,0.0,0.6511415525114155
246,0.0,0.0,1.48897192295665,1.48897192295665,0.01236608902211944,0.00618304451105972,0.0,0.0,0.0,0.0,0.0,0.0,0.0,0.0,0.0,0.0,0.0,0.0,0.0,0.0,0.0,0.0,0.0,0.0,0.0,0.0,0.0,0.0,0.0,0.0,19149.305099660072,109.9910961819393,174.36940010698964,19323.674499767065,110.99265113960172,1.0015549576624276,1096,0,0,0,1095,0.6906934306569343,0.0,0.0,0.0,0.691324200913242
247,0.0,0.0,1.476340953913127,1.476340953913127,0.01272597018045997,0.006362985090229985,0.0,0.0,0.0,0.0,0.0,0.0,0.0,0.0,0.0,0.0,0.0,0.0,0.0,0.0,0.0,0.0,0.0,0.0,0.0,0.0,0.0,0.0,0.0,0.0,21510.150206156566,126.03564713806752,171.08117189232746,21681.231378048895,127.03807278391061,1.002425645843094,1096,0,0,0,1095,0.6788321167883211,0.0,0.0,0.0,0.6794520547945205
248,0.0,0.0,1.5295194357651105,1.5295194357651105,0.012939349788224965,0.006469674894112483,0.0,0.0,0.0,0.0,0.0,0.0,0.0,0.0,0.0,0.0,0.0,0.0,0.0,0.0,0.0,0.0,0.0,0.0,0.0,0.0,0.0,0.0,0.0,0.0,20725.71725338567,118.06273236941365,175.41747277128457,20901.134726156954,119.06198686504912,0.9992544956354614,1096,0,0,0,1095,0.6724452554744526,0.0,0.0,0.0,0.6730593607305936
249,0.0,0.0,1.5347147653135709,1.5347147653135709,0.013018383585542886,0.006509191792771443,0.0,0.0,0.0,0.0,0.0,0.0,0.0,0.0,0.0,0.0,0.0,0.0,0.0,0.0,0.0,0.0,0.0,0.0,0.0,0.0,0.0,0.0,0.0,0.0,20926.58768510438,122.44443491762513,170.56813781505124,21097.155822919434,123.44245330284815,0.9980183852230078,1096,0,0,0,1095,0.6888686131386861,0.0,0.0,0.0,0.6894977168949772
250,0.0,0.0,1.529923872625703,1.529923872625703,0.013578355811423715,0.0067891779057118575,0.0,0.0,0.0,0.0,0.0,0.0,0.0,0.0,0.0,0.0,0.0,0.0,0.0,0.0,0.0,0.0,0.0,0.0,0.0,0.0,0.0,0.0,0.0,0.0,24159.684389533548,133.03532615145357,181.54954819150393,24341.23393772505,134.0350289193742,0.9997027679206401,1096,0,0,0,1095,0.6195255474452555,0.0,0.0,0.0,0.6200913242009133
251,0.0,0.0,1.4975101026871973,1.4975101026871973,0.012838494827020121,0.006419247413510061,0.0,0.0,0.0,0.0,0.0,0.0,0.0,0.0,0.0,0.0,0.0,0.0,0.0,0.0,0.0,0.0,0.0,0.0,0.0,0.0,0.0,0.0,0.0,0.0,23126.996079804307,125.54877875097397,184.35973828530757,23311.355818089614,126.54960652439941,1.0008277734254452,1096,0,0,0,1095,0.6322992700729927,0.0,0.0,0.0,0.6328767123287671
252,0.001097384129861628,9.954997080742405e-06,1.5370576769575781,1.53815506108744,0.013953481489462936,0.006971763246191097,0.0,0.0,0.0,0.0,0.0,0.0,0.0,0.0,0.0,0.0,0.0,0.0,0.0,0.0,0.0,0.0,0.0,0.0,0.0,0.0,0.0,0.0,0.0,0.0,22472.210683512236,127.7834009086796,175.79107813590684,22648.001761648142,128.7829991293429,0.9995982206632987,1096,0,0,0,1095,0.6259124087591241,0.0,0.0,0.0,0.6264840182648402
253,0.0,0.0,1.4739133643833773,1.4739133643833773,0.012421336341997281,0.0062106681709986405,0.0,0.0,0.0,0.0,0.0,0.0,0.0,0.0,0.0,0.0,0.0,0.0,0.0,0.0,0.0,0.0,0.0,0.0,0.0,0.0,0.0,0.0,0.0,0.0,22430.427078469,121.42161712019961,184.30851670222503,22614.735595171227,122.41932608350737,0.9977089633077542,1096,0,0,0,1095,0.6414233576642335,0.0,0.0,0.0,0.6420091324200913
254,0.0,0.0,1.5349973474259764,1.5349973474259764,0.013504131683799471,0.0067520658418997355,0.0,0.0,0.0,0.0,0.0,0.0,0.0,0.0,0.0,0.0,0.0,0.0,0.0,0.0,0.0,0.0,0.0,0.0,0.0,0.0,0.0,0.0,0.0,0.0,20524.4135245423,119.27730095487746,172.2051203028621,20696.61864484516,120.27806825747416,1.000767302596697,1096,0,0,0,1095,0.6596715328467153,0.0,0.0,0.0,0.6602739726027397
255,0.0,0.0,1.56484390559573,1.56484390559573,0.01433076837074231,0.007165384185371155,0.0,0.0,0.0,0.0,0.0,0.0,0.0,0.0,0.0,0.0,0.0,0.0,0.0,0.0,0.0,0.0,0.0,0.0,0.0,0.0,0.0,0.0,0.0,0.0,23451.399978288326,138.9321986526486,169.16653685282154,23620.56651514115,139.93438525665417,1.0021866040055583,1096,0,0,0,1095,0.6459854014598541,0.0,0.0,0.0,0.6465753424657534
256,0.00013109901580062226,1.0980929257330289e-06,1.469854629600812,1.4699857286166127,0.012312685336839522,0.006155793621956894,0.0,0.0,0.0,0.0,0.0,0.0,0.0,0.0,0.0,0.0,0.0,0.0,0.0,0.0,0.0,0.0,0.0,0.0,0.0,0.0,0.0,0.0,0.0,0.0,26510.11333170614,150.32963322081963,176.69832959635846,26686.811661302498,151.33162799717476,1.001994776355131,1096,0,0,0,1095,0.676094890510949,0.0,0.0,0.0,0.6767123287671233
257,0.0,0.0,1.5054808224357141,1.5054808224357141,0.01337835764807739,0.006689178824038695,0.0,0.0,0.0,0.0,0.0,0.0,0.0,0.0,0.0,0.0,0.0,0.0,0.0,0.0,0.0,0.0,0.0,0.0,0.0,0.0,0.0,0.0,0.0,0.0,27531.046927493157,147.104230110526,187.56564039946994,27718.612567892622,148.10643315782812,1.0022030473021377,1096,0,0,0,1095,0.6003649635036497,0.0,0.0,0.0,0.6009132420091324
258,0.0,0.0,1.460761247669695,1.460761247669695,0.01242196475862075,0.006210982379310375,0.0,0.0,0.0,0.0,0.0,0.0,0.0,0.0,0.0,0.0,0.0,0.0,0.0,0.0,0.0,0.0,0.0,0.0,0.0,0.0,0.0,0.0,0.0,0.0,22776.68261835939,130.0674973980746,175.909697025617,22952.592315385005,131.0720393870705,1.0045419889959195,1096,0,0,0,1095,0.6706204379562044,0.0,0.0,0.0,0.6712328767123288
259,0.0,0.0,1.5713273913210175,1.5713273913210175,0.01323609826849405,0.006618049134247025,0.0,0.0,0.0,0.0,0.0,0.0,0.0,0.0,0.0,0.0,0.0,0.0,0.0,0.0,0.0,0.0,0.0,0.0,0.0,0.0,0.0,0.0,0.0,0.0,24056.16033626196,131.64035683125044,183.9168165751863,24240.077152837148,132.6467882410349,1.006431409784461,1096,0,0,0,1095,0.6487226277372263,0.0,0.0,0.0,0.6493150684931507
260,0.0,0.0,1.5232716213425266,1.5232716213425266,0.013098406416812263,0.006549203208406132,0.0,0.0,0.0,0.0,0.0,0.0,0.0,0.0,0.0,0.0,0.0,0.0,0.0,0.0,0.0,0.0,0.0,0.0,0.0,0.0,0.0,0.0,0.0,0.0,21467.23032016461,123.45552954904211,174.03367955262058,21641.26399971723,124.4563768753204,1.000847326278294,1096,0,0,0,1095,0.6678832116788321,0.0,0.0,0.0,0.6684931506849315
